gbifID;species;identifiedBy;countryCode;stateProvince;decimalLatitude;decimalLongitude
4153043931;Asimina incana;NA;US;Florida;29.046034;-81.161794
1457779803;Asimina incana;NA;US;Florida;29.20095;-82.0495
1503266928;Asimina incana;NA;US;Florida;29.2025;-82.0519
4023034184;Asimina incana;NA;US;Florida;29.202805;-82.0431
4023034180;Asimina incana;NA;US;Florida;29.202805;-82.0431
122905957;Asimina incana;NA;US;Florida;29.2102;-82.0567
1503310460;Asimina incana;R. P. Wunderlin;US;Florida;29.25;-82.1
3991192310;Asimina incana;NA;US;Florida;29.2569;-81.6806
122905903;Asimina incana;NA;US;Florida;29.2822;-82.7886
1503231830;Asimina incana;R. P. Wunderlin;US;Florida;29.3179;-82.821
1257515935;Asimina incana;K.M. Meyer (MO);US;Florida;29.437389;-81.808806
1503262740;Asimina incana;NA;US;Florida;29.4375;-81.8089
4153071107;Asimina incana;NA;US;Florida;29.4375;-81.808889
1457815406;Asimina incana;NA;US;Florida;29.4375;-81.808889
1503310667;Asimina incana;R. P. Wunderlin;US;Florida;29.475;-82.8598
1849111531;Asimina incana;Beck, John;US;Florida;29.484639;-81.562214
3855449449;Asimina incana;NA;US;Florida;29.53111;-81.60066
4023034185;Asimina incana;NA;US;Florida;29.593896;-81.732039
4023034179;Asimina incana;NA;US;Florida;29.593896;-81.732039
4023034177;Asimina incana;NA;US;Florida;29.593896;-81.732039
122905516;Asimina incana;NA;US;Florida;29.6086;-81.7443
122905515;Asimina incana;NA;US;Florida;29.6086;-81.7443
2859422984;Asimina incana;NA;US;Florida;29.613243;-82.700721
4061826118;Asimina incana;NA;US;Florida;29.6422;-82.4192
1503231666;Asimina incana;NA;US;Florida;29.6514;-82.325
1457802418;Asimina incana;NA;US;Florida;29.654403;-82.276362
3059704788;Asimina incana;NA;US;Florida;29.65528;-82.276449
4429325305;Asimina incana;NA;US;Florida;29.673156;-82.028397
1457828712;Asimina incana;NA;US;Florida;29.67471;-82.02826
122906316;Asimina incana;NA;US;Florida;29.6748;-82.3577
122905945;Asimina incana;NA;US;Florida;29.6748;-82.3577
1457798250;Asimina incana;NA;US;Florida;29.67885;-81.95845
1457781267;Asimina incana;NA;US;Florida;29.67885;-81.95845
3926375585;Asimina incana;undefined;US;Florida;29.684075;-81.959108
1457783902;Asimina incana;NA;US;Florida;29.68588;-81.97422
3312322458;Asimina incana;NA;US;Florida;29.689683;-81.990336
1457796844;Asimina incana;NA;US;Florida;29.69134;-82.00807
1851989333;Asimina incana;NA;US;Florida;29.69781;-81.98697
1899880423;Asimina incana;NA;US;Florida;29.69807;-81.98635
1457806992;Asimina incana;NA;US;Florida;29.69984;-82.02052
1457750480;Asimina incana;NA;US;Florida;29.69984;-82.02052
1457744589;Asimina incana;NA;US;Florida;29.70023;-82.01736
1457826955;Asimina incana;NA;US;Florida;29.71029;-81.99072
1503214536;Asimina incana;R. P. Wunderlin;US;Florida;29.7167;-82.25
1503310709;Asimina incana;R. P. Wunderlin;US;Florida;29.7167;-81.8833
122905887;Asimina incana;NA;US;Florida;29.7258;-82.8004
4153051371;Asimina incana;NA;US;Florida;29.725824;-82.800399
4111434391;Asimina incana;NA;US;Florida;29.732;-81.813
1503198134;Asimina incana;NA;US;Florida;29.7555;-82.8626
4439114453;Asimina incana;K. Mercier;US;Florida;29.787679;-81.873796
1457788934;Asimina incana;NA;US;Florida;29.792782;-81.97425
4533910429;Asimina incana;NA;US;Florida;29.798228;-81.970964
2273385556;Asimina incana;NA;US;Florida;29.847517;-81.962593
1503242194;Asimina incana;NA;US;Florida;29.8644;-82.1309
122905913;Asimina incana;NA;US;Florida;29.9122;-81.4099
3747804309;Asimina incana;Ronald L McGregor;US;Florida;29.915863;-82.587375
1830967858;Asimina incana;R. Abbott;US;NA;29.95;-82.91667
1830967725;Asimina incana;R. Abbott;US;NA;29.95;-82.91667
1142079740;Asimina incana;R. Abbott;US;NA;29.95;-82.75
1142079682;Asimina incana;R. Abbott;US;NA;29.95;-82.75
1142079580;Asimina incana;R. Abbott;US;NA;29.95;-82.75
1142079534;Asimina incana;R. Abbott;US;NA;29.95;-82.75
4062148168;Asimina incana;NA;US;Florida;29.9533;-82.7633
4061088164;Asimina incana;NA;US;Florida;29.9533;-82.7633
4061131402;Asimina incana;NA;US;Florida;29.955;-82.9167
1503310575;Asimina incana;R. P. Wunderlin;US;Florida;29.9591;-82.9282
1503310571;Asimina incana;R. P. Wunderlin;US;Florida;29.9591;-82.9282
3747799301;Asimina incana;Ronald L McGregor;US;Florida;29.96502;-81.99903
122905910;Asimina incana;NA;US;Florida;29.9831;-81.8579
4061127668;Asimina incana;NA;US;Florida;30.04;-83.0033
4061107720;Asimina incana;NA;US;Florida;30.0442;-83.0062
4061817566;Asimina incana;NA;US;Florida;30.0483;-83.0367
1503313713;Asimina incana;R. P. Wunderlin;US;Florida;30.053;-83.1749
1503268857;Asimina incana;NA;US;Florida;30.0889;-81.9453
1830967703;Asimina incana;R. Abbott;US;NA;30.10861;-81.96278
4061868415;Asimina incana;NA;US;Florida;30.1087;-81.9629
1457800926;Asimina incana;NA;US;Florida;30.111767;-81.91135
1503310573;Asimina incana;R. P. Wunderlin;US;Florida;30.1813;-82.6051
122905880;Asimina incana;NA;US;Florida;30.1956;-82.9915
1990218707;Asimina incana;NA;US;Florida;30.221651;-82.623371
122906069;Asimina incana;NA;US;Florida;30.2242;-82.6215
1503252064;Asimina incana;B. F. Hansen;US;Florida;30.2822;-82.1221
1503169171;Asimina incana;R. P. Wunderlin;US;Florida;30.3011;-81.546
4061137801;Asimina incana;NA;US;Florida;30.3127;-82.7295
4061837778;Asimina incana;NA;US;Florida;30.3305;-82.8117
1457785504;Asimina incana;NA;US;Florida;30.3305;-82.811694
415893928;Asimina incana;NA;US;Florida;30.33194;-81.65583
415893927;Asimina incana;NA;US;Florida;30.33194;-81.65583
176885853;Asimina incana;NA;US;Florida;30.33194;-81.65583
3829946385;Asimina incana;NA;US;Florida;30.332184;-81.655651
3747785340;Asimina incana;Ronald L McGregor;US;Florida;30.332184;-81.655651
1457748690;Asimina incana;NA;US;Florida;30.383889;-82.925556
4061105472;Asimina incana;NA;US;Florida;30.3839;-82.9256
1503198114;Asimina incana;NA;US;Florida;30.4694;-83.4129
3710076633;Asimina incana;NA;US;Florida;30.483;-81.475
1503268848;Asimina incana;NA;US;Florida;30.6041;-83.0979
122905519;Asimina incana;NA;US;Florida;30.6106;-81.7714
1457773293;Asimina incana;NA;US;Florida;30.753833;-81.749833
1585965520;Asimina incana;NA;US;Georgia;30.76696;-83.1321
3707739418;Asimina incana;R. Carter;US;Georgia;30.772984;-81.669203
3469924665;Asimina incana;NA;US;Florida;30.785495;-81.938218
4439123116;Asimina incana;K. Mercier;US;Florida;30.805206;-81.929423
1585965511;Asimina incana;NA;US;Georgia;30.85357;-83.09298
3747799338;Asimina incana;John R Bozeman;US;Georgia;31.195932;-83.014846
2859137686;Asimina incana;NA;US;Georgia;31.253667;-83.045983
4153042288;Asimina incana;NA;US;Georgia;31.297152;-82.880336
4076563306;Asimina incana;Carter, Richard;US;Georgia;31.322;-83.04561
3707725565;Asimina incana;NA;US;Georgia;31.77748;-82.81708
1457816302;Asimina longifolia;NA;US;Florida;29.07;-82.72
122906216;Asimina longifolia;NA;US;Florida;29.2822;-82.7886
122905816;Asimina longifolia;NA;US;Florida;29.2822;-82.7886
1503183774;Asimina longifolia;R. P. Wunderlin;US;Florida;29.4333;-82.45
4061107719;Asimina longifolia;NA;US;Florida;29.4558;-82.7069
1457768106;Asimina longifolia;NA;US;Florida;29.455806;-82.706917
1503266278;Asimina longifolia;NA;US;Florida;29.5142;-82.1733
4439068113;Asimina longifolia;K. Mercier;US;Florida;29.528639;-82.18787
4439111385;Asimina longifolia;K. Mercier;US;Florida;29.528704;-82.188209
1503263070;Asimina longifolia;NA;US;Florida;29.5373;-82.9025
2986488303;Asimina longifolia;D. E. Atha;US;Florida;29.599483;-82.968483
1928408406;Asimina longifolia;NA;US;Florida;29.601345;-82.981793
1928391670;Asimina longifolia;NA;US;Florida;29.601345;-82.981793
1503263065;Asimina longifolia;NA;US;Florida;29.6087;-83.0696
1457816558;Asimina longifolia;NA;US;Florida;29.60926;-82.40555
1503199063;Asimina longifolia;NA;US;Florida;29.6111;-82.9215
1503196678;Asimina longifolia;R. P. Wunderlin;US;Florida;29.6111;-82.9215
1503198219;Asimina longifolia;NA;US;Florida;29.6167;-83.1667
4010787436;Asimina longifolia;Sommer, Eleanor;US;Florida;29.630604;-82.289228
1503205716;Asimina longifolia;P. J. Simoes;US;Florida;29.6514;-82.3106
415893897;Asimina longifolia;NA;US;Florida;29.65166;-82.32472
1503255226;Asimina longifolia;R. P. Wunderlin;US;Florida;29.658;-82.3018
1837453048;Asimina longifolia;A. R. Franck;US;Florida;29.6709;-82.352
122905886;Asimina longifolia;NA;US;Florida;29.6748;-82.3577
122905796;Asimina longifolia;NA;US;Florida;29.6748;-82.3577
1457796390;Asimina longifolia;NA;US;Florida;29.67885;-81.95845
1457769249;Asimina longifolia;NA;US;Florida;29.67885;-81.95845
1457813200;Asimina longifolia;NA;US;Florida;29.68588;-81.97422
1457764282;Asimina longifolia;NA;US;Florida;29.69445;-81.97629
1457820711;Asimina longifolia;NA;US;Florida;29.69984;-82.02052
1457780639;Asimina longifolia;NA;US;Florida;29.69984;-82.02052
122905871;Asimina longifolia;NA;US;Florida;29.7258;-82.8004
122905869;Asimina longifolia;NA;US;Florida;29.7258;-82.8004
3454980584;Asimina longifolia;Gary E. Larson;US;Florida;29.74361;-82.10361
4061111211;Asimina longifolia;NA;US;Florida;29.7615;-82.4555
1503262939;Asimina longifolia;NA;US;Florida;29.7858;-82.4785
1457746691;Asimina longifolia;NA;US;Florida;29.78583;-82.47846
1503263091;Asimina longifolia;NA;US;Florida;29.8092;-82.5125
122906120;Asimina longifolia;NA;US;Florida;29.8117;-84.8005
1142079711;Asimina longifolia;R. Abbott;US;NA;29.95;-82.75
1142079609;Asimina longifolia;R. Abbott;US;NA;29.95;-82.75
1142079598;Asimina longifolia;R. Abbott;US;NA;29.95;-82.75
1142079592;Asimina longifolia;R. Abbott;US;NA;29.95;-82.75
1142079586;Asimina longifolia;R. Abbott;US;NA;29.95;-82.75
1142079554;Asimina longifolia;R. Abbott;US;NA;29.95;-82.75
1142079551;Asimina longifolia;R. Abbott;US;NA;29.95;-82.75
1142079549;Asimina longifolia;R. Abbott;US;NA;29.95;-82.75
1142079538;Asimina longifolia;R. Abbott;US;NA;29.95;-82.75
4061826117;Asimina longifolia;NA;US;Florida;29.9533;-82.7633
4061661071;Asimina longifolia;NA;US;Florida;29.9533;-82.7633
4153064054;Asimina longifolia;NA;US;Florida;29.95712;-82.95926
1503238915;Asimina longifolia;NA;US;Florida;29.9972;-82.9944
1457816308;Asimina longifolia;NA;US;Florida;29.997222;-82.994444
1457768935;Asimina longifolia;NA;US;Florida;30.00419;-82.58422
1503263122;Asimina longifolia;NA;US;Florida;30.0042;-82.5842
4153104238;Asimina longifolia;NA;US;Florida;30.00933;-84.49091
122905863;Asimina longifolia;NA;US;Florida;30.0196;-83.619
4153050609;Asimina longifolia;NA;US;Florida;30.029521;-84.40582
2825495671;Asimina longifolia;McMillan, Patrick D.;US;Florida;30.037427;-84.387677
4061706207;Asimina longifolia;NA;US;Florida;30.0442;-83.0062
4061111368;Asimina longifolia;NA;US;Florida;30.0442;-83.0062
4062148167;Asimina longifolia;NA;US;Florida;30.0483;-83.0367
1142079611;Asimina longifolia;R. Abbott;US;NA;30.1;-83.13333
1142079590;Asimina longifolia;R. Abbott;US;NA;30.1;-83.13333
1142079571;Asimina longifolia;R. Abbott;US;NA;30.1;-83.13333
1457753479;Asimina longifolia;NA;US;Florida;30.113556;-83.147333
4061667035;Asimina longifolia;NA;US;Florida;30.1136;-83.1473
4061088163;Asimina longifolia;NA;US;Florida;30.114;-83.1464
3827673693;Asimina longifolia;NA;US;Florida;30.12308;-83.16062
1503263348;Asimina longifolia;NA;US;Florida;30.1273;-82.6525
1457780836;Asimina longifolia;NA;US;Florida;30.12733;-82.65253
4061545545;Asimina longifolia;K.M. Meyer (MO);US;Florida;30.139444;-84.93275
1257515791;Asimina longifolia;K.M. Meyer (MO);US;Florida;30.139444;-84.93275
1503263093;Asimina longifolia;NA;US;Florida;30.1824;-82.6537
1503263068;Asimina longifolia;NA;US;Florida;30.1824;-82.6537
1503263337;Asimina longifolia;NA;US;Florida;30.1835;-82.6113
1990225765;Asimina longifolia;NA;US;Florida;30.189244;-82.992754
3747799306;Asimina longifolia;Ronald L McGregor;US;Florida;30.18944;-82.63944
122905906;Asimina longifolia;NA;US;Florida;30.1956;-82.9915
122905881;Asimina longifolia;NA;US;Florida;30.1956;-82.9915
1990214194;Asimina longifolia;R. Kral;US;Florida;30.221651;-82.623371
122906353;Asimina longifolia;NA;US;Florida;30.2242;-82.6215
122906007;Asimina longifolia;NA;US;Florida;30.2242;-82.6215
1503286792;Asimina longifolia;R. P. Wunderlin;US;Florida;30.2405;-83.2604
2234372211;Asimina longifolia;Anonymous;US;Florida;30.241218;-82.958501
1503263381;Asimina longifolia;NA;US;Florida;30.2507;-82.7448
1503263104;Asimina longifolia;NA;US;Florida;30.2577;-82.8931
2234373177;Asimina longifolia;NA;US;Florida;30.276111;-84.985833
1503263393;Asimina longifolia;NA;US;Florida;30.2954;-82.8907
4439099608;Asimina longifolia;K. Mercier;US;Florida;30.310446;-84.403288
4061105470;Asimina longifolia;NA;US;Florida;30.3127;-82.7295
4061105471;Asimina longifolia;NA;US;Florida;30.3424;-82.8016
4061868413;Asimina longifolia;NA;US;Florida;30.35;-82.8667
2859144173;Asimina longifolia;J. C. Solomon 1979;US;Florida;30.386573;-84.742435
1990222134;Asimina longifolia;NA;US;Florida;30.396898;-83.921761
4060950240;Asimina longifolia;NA;US;Florida;30.4;-84.8
4153062728;Asimina longifolia;NA;US;Florida;30.405886;-85.197359
1503198119;Asimina longifolia;K. R. DeLaney;US;Florida;30.428;-84.2163
4061868414;Asimina longifolia;NA;US;Florida;30.4357;-85.0015
4153113709;Asimina longifolia;NA;US;Florida;30.438088;-83.89532
1990222139;Asimina longifolia;NA;US;Florida;30.447233;-83.470416
4153115264;Asimina longifolia;NA;US;Florida;30.46062;-84.9655
1457785809;Asimina longifolia;NA;US;Florida;30.475;-83.235
2859128008;Asimina longifolia;NA;US;Florida;30.518263;-82.998743
415893899;Asimina longifolia;NA;US;Florida;30.53222;-84.36166
4153044209;Asimina longifolia;NA;US;Florida;30.579745;-84.613534
415893900;Asimina longifolia;NA;US;Florida;30.58722;-84.58333
3707718829;Asimina longifolia;NA;US;Georgia;30.6871;-83.194196
4061531053;Asimina longifolia;Dr. Robert Godfrey;US;Georgia;30.75;-84
2859394747;Asimina longifolia;S.A. Thompson 1997;US;Georgia;30.752865;-83.278485
233097081;Asimina longifolia;Robert Kral;US;Georgia;30.832069;-84.134714
4015892655;Asimina longifolia;NA;US;Georgia;30.83666;-84.01808
3707739465;Asimina longifolia;NA;US;Georgia;30.83666;-84.01808
1844418073;Asimina longifolia;Rod Denver;US;Georgia;30.849404;-83.993887
4153051636;Asimina longifolia;NA;US;Georgia;30.864153;-83.919197
4153047581;Asimina longifolia;NA;US;Georgia;30.864153;-83.919197
3707739735;Asimina longifolia;NA;US;Georgia;31.0091;-84.59249
3744681811;Asimina longifolia;NA;US;Alabama;31.01;-85.15
1896080584;Asimina longifolia;Kral;US;Alabama;31.040556;-86.303889
3829946388;Asimina longifolia;NA;US;Alabama;31.066188;-85.932289
3707765817;Asimina longifolia;NA;US;Alabama;31.066449;-85.812206
4015888717;Asimina longifolia;NA;US;Georgia;31.074033;-81.884733
3744681807;Asimina longifolia;NA;US;Alabama;31.14;-86.18
3312322444;Asimina longifolia;NA;US;Georgia;31.195781;-84.46456
3709935578;Asimina longifolia;NA;US;Georgia;31.226667;-84.468333
3709932553;Asimina longifolia;NA;US;Georgia;31.226667;-84.468333
4015894470;Asimina longifolia;NA;US;Georgia;31.2969;-83.86797
122906098;Asimina longifolia;NA;US;Georgia;31.3;-84.5833
4153049772;Asimina longifolia;NA;US;Georgia;31.326018;-84.444075
3744681799;Asimina longifolia;NA;US;Alabama;31.35;-85.67
3747785317;Asimina longifolia;Ronald L McGregor;US;Georgia;31.597101;-83.419884
1990225783;Asimina longifolia;NA;US;Georgia;31.811615;-82.636825
1990225769;Asimina longifolia;NA;US;Georgia;31.913641;-82.931063
3498232377;Asimina longifolia;Eran S. Kilpatrick;US;Georgia;31.96401;-82.5948
1990225747;Asimina longifolia;NA;US;Georgia;32.105258;-82.733849
1699898376;Asimina manasota;NA;US;Florida;27.2476;-82.3419
1503275463;Asimina manasota;NA;US;Florida;27.2985;-82.2837
1503262987;Asimina manasota;NA;US;Florida;27.3333;-82.15
1503263049;Asimina manasota;NA;US;Florida;27.4632;-82.2636
4062180598;Asimina manasota;NA;US;Florida;27.47;-82.07
4061913260;Asimina manasota;NA;US;Florida;27.47;-82.07
4061911226;Asimina manasota;NA;US;Florida;27.47;-82.07
4061727164;Asimina manasota;NA;US;Florida;27.47;-82.07
4061233040;Asimina manasota;NA;US;Florida;27.47;-82.07
4061179214;Asimina manasota;NA;US;Florida;27.47;-82.07
4031845250;Asimina manasota;NA;US;Florida;27.47;-82.07
1258107335;Asimina manasota;NA;US;Florida;27.47;-82.07
1503263889;Asimina manasota;NA;US;Florida;27.4701;-82.0655
1503263040;Asimina manasota;NA;US;Florida;27.4701;-82.0655
1503263023;Asimina manasota;NA;US;Florida;27.4701;-82.0655
1503262913;Asimina manasota;NA;US;Florida;27.4701;-82.0655
1927870247;Asimina manasota;NA;US;Florida;27.47011;-82.06553
4533902583;Asimina manasota;NA;US;Florida;27.47012;-82.06553
1849114724;Asimina manasota;DeLaney, Kris;US;Florida;27.47012;-82.06553
1457824466;Asimina manasota;NA;US;Florida;27.47012;-82.06553
1457802107;Asimina manasota;NA;US;Florida;27.47012;-82.06553
1457798597;Asimina manasota;NA;US;Florida;27.47012;-82.06553
1457784550;Asimina manasota;NA;US;Florida;27.47012;-82.06553
1457780450;Asimina manasota;NA;US;Florida;27.47012;-82.06553
1503263034;Asimina manasota;NA;US;Florida;27.4741;-82.3113
1457808089;Asimina manasota;NA;US;Florida;27.4742;-82.26745
1503263026;Asimina manasota;NA;US;Florida;27.4742;-82.2674
1503277601;Asimina manasota;NA;US;Florida;27.4757;-82.2298
1503263032;Asimina manasota;NA;US;Florida;27.4766;-82.2796
1503263028;Asimina manasota;NA;US;Florida;27.4773;-82.2989
122905882;Asimina obovata;NA;US;Florida;26.9565;-81.189
1096874418;Asimina obovata;NA;US;Florida;27.17;-81.33
1503188765;Asimina obovata;NA;US;Florida;27.1833;-81.8
1503184405;Asimina obovata;NA;US;Florida;27.1833;-81.8
1503297361;Asimina obovata;NA;US;Florida;27.2;-81.3333
1503226473;Asimina obovata;R. P. Wunderlin;US;Florida;27.2;-81.3333
4439113863;Asimina obovata;K. Mercier;US;Florida;27.223106;-81.378445
122905835;Asimina obovata;NA;US;Florida;27.2737;-82.1156
1503192101;Asimina obovata;NA;US;Florida;27.3226;-80.5438
122906366;Asimina obovata;NA;US;Florida;27.3434;-81.341
122906364;Asimina obovata;NA;US;Florida;27.3434;-81.341
122905982;Asimina obovata;NA;US;Florida;27.3434;-81.341
122905951;Asimina obovata;NA;US;Florida;27.3434;-81.341
122905925;Asimina obovata;NA;US;Florida;27.3434;-81.341
122905868;Asimina obovata;NA;US;Florida;27.3434;-81.341
1503250222;Asimina obovata;NA;US;Florida;27.3667;-81.35
122906195;Asimina obovata;NA;US;Florida;27.3809;-80.4456
2452342343;Asimina obovata;Strong, Mark T., (BOT), Smithsonian Institution - National Museum of Natural History (UNITED STATES);US;Florida;27.4498;-81.3766
3707734456;Asimina obovata;NA;US;Florida;27.482191;-81.485196
415893904;Asimina obovata;NA;US;Florida;27.49527;-81.44111
415893902;Asimina obovata;NA;US;Florida;27.49527;-81.44111
1503303430;Asimina obovata;R. P. Wunderlin;US;Florida;27.4956;-81.4409
1503218187;Asimina obovata;NA;US;Florida;27.4956;-81.4409
1503177552;Asimina obovata;NA;US;Florida;27.4956;-81.4409
4088568687;Asimina obovata;NA;US;Florida;27.531183;-81.40558
1929338946;Asimina obovata;NA;US;Florida;27.59891;-81.504813
1928753331;Asimina obovata;NA;US;Florida;27.59891;-81.504813
1457759520;Asimina obovata;NA;US;Florida;27.610917;-81.440333
1457748365;Asimina obovata;NA;US;Florida;27.67188;-81.57693
1503288964;Asimina obovata;NA;US;Florida;27.7459;-81.5306
1503218029;Asimina obovata;NA;US;Florida;27.7459;-81.5306
1503193930;Asimina obovata;NA;US;Florida;27.7459;-81.5306
1503191770;Asimina obovata;NA;US;Florida;27.7459;-81.5306
4061127670;Asimina obovata;NA;US;Florida;27.81;-81.48
1457817810;Asimina obovata;NA;US;Florida;27.810556;-81.483611
1457771517;Asimina obovata;NA;US;Florida;27.81221;-81.48881
1503281133;Asimina obovata;NA;US;Florida;27.8128;-81.5494
1503252462;Asimina obovata;NA;US;Florida;27.8333;-81.9667
4439121347;Asimina obovata;K. Mercier;US;Florida;27.859778;-81.448353
4439096605;Asimina obovata;K. Mercier;US;Florida;27.859939;-81.447176
4439116762;Asimina obovata;K. Mercier;US;Florida;27.860409;-81.444315
415893903;Asimina obovata;NA;US;Florida;27.89333;-81.81055
1457791124;Asimina obovata;NA;US;Florida;27.905278;-81.441667
1503250780;Asimina obovata;NA;US;Florida;27.9263;-82.5149
1503250694;Asimina obovata;J. M. Kunzer;US;Florida;27.9263;-82.5149
122905908;Asimina obovata;NA;US;Florida;27.9392;-82.3979
4153077826;Asimina obovata;NA;US;Florida;27.948761;-81.697667
1503275849;Asimina obovata;NA;US;Florida;27.9489;-81.6977
122906368;Asimina obovata;NA;US;Florida;27.9489;-81.6977
122906095;Asimina obovata;NA;US;Florida;27.9489;-81.6977
1503286838;Asimina obovata;NA;US;Florida;27.95;-81.7
1503221382;Asimina obovata;NA;US;Florida;28.0525;-82.2217
1503187254;Asimina obovata;NA;US;Florida;28.0525;-82.2217
1503256904;Asimina obovata;NA;US;Florida;28.1939;-82.5918
1503249671;Asimina obovata;NA;US;Florida;28.1939;-82.5918
1990222130;Asimina obovata;Eliane Norman;US;Florida;28.309823;-82.511006
122905591;Asimina obovata;NA;US;Florida;28.3232;-82.4319
122905859;Asimina obovata;NA;US;Florida;28.5144;-81.3235
4061105473;Asimina obovata;NA;US;Florida;28.54;-82.47
4153039137;Asimina obovata;NA;US;Florida;28.551974;-82.41938
122905613;Asimina obovata;NA;US;Florida;28.5562;-82.4685
1503218938;Asimina obovata;NA;US;Florida;28.6122;-80.8205
1503267572;Asimina obovata;NA;US;Florida;28.65;-80.8581
1503275046;Asimina obovata;NA;US;Florida;28.6525;-80.8608
1503265730;Asimina obovata;B. F. Hansen;US;Florida;28.6653;-80.8448
4061868416;Asimina obovata;NA;US;Florida;28.67;-82.53
415893905;Asimina obovata;NA;US;Florida;28.81083;-81.87777
3829946401;Asimina obovata;NA;US;Florida;28.835668;-82.344105
1503231252;Asimina obovata;R. P. Wunderlin;US;Florida;28.8358;-82.3304
1503210278;Asimina obovata;R. P. Wunderlin;US;Florida;28.8528;-81.6854
1503238117;Asimina obovata;B. F. Hansen;US;Florida;28.8653;-82.039
4061837779;Asimina obovata;NA;US;Florida;28.9;-82.52
1503207291;Asimina obovata;NA;US;Florida;28.9;-82.3745
1503210277;Asimina obovata;NA;US;Florida;28.9658;-81.6487
1990225767;Asimina obovata;NA;US;Florida;29.057769;-81.161792
1990222104;Asimina obovata;Eliane Norman;US;Florida;29.057769;-81.161792
122906365;Asimina obovata;NA;US;Florida;29.0635;-81.1486
1503231587;Asimina obovata;L. E. Arnold;US;Florida;29.1872;-82.1401
1503231484;Asimina obovata;L. E. Arnold;US;Florida;29.1872;-82.1401
1503215717;Asimina obovata;NA;US;Florida;29.1872;-82.1401
4023034197;Asimina obovata;NA;US;Florida;29.202805;-82.0431
4023034195;Asimina obovata;NA;US;Florida;29.202805;-82.0431
1457785078;Asimina obovata;NA;US;Florida;29.225;-81.31992
1503294642;Asimina obovata;NA;US;Florida;29.2333;-82.0333
1503259966;Asimina obovata;NA;US;Florida;29.3236;-81.0775
1503235500;Asimina obovata;NA;US;Florida;29.35;-81.6864
1457783404;Asimina obovata;NA;US;Florida;29.35;-81.686389
1503195562;Asimina obovata;NA;US;Florida;29.3667;-83.0333
1503231720;Asimina obovata;R. P. Wunderlin;US;Florida;29.3875;-82.4468
1457760346;Asimina obovata;NA;US;Florida;29.437222;-81.775
1257515877;Asimina obovata;K.M. Meyer (MO);US;Florida;29.44;-81.78
1830967745;Asimina obovata;R. Abbott;US;NA;29.46861;-82.61528
4061088165;Asimina obovata;NA;US;Florida;29.47;-82.62
122906171;Asimina obovata;NA;US;Florida;29.4711;-81.293
4061111369;Asimina obovata;NA;US;Florida;29.5;-82.57
3855574404;Asimina obovata;NA;US;Florida;29.53111;-81.59177
1883455799;Asimina obovata;NA;US;Florida;29.554116;-81.617142
1883455770;Asimina obovata;NA;US;Florida;29.554116;-81.617142
4023034198;Asimina obovata;NA;US;Florida;29.593896;-81.732039
4023034196;Asimina obovata;NA;US;Florida;29.593896;-81.732039
4023034191;Asimina obovata;NA;US;Florida;29.593896;-81.732039
4023034186;Asimina obovata;NA;US;Florida;29.593896;-81.732039
1503220361;Asimina obovata;NA;US;Florida;29.6;-81.75
2273385703;Asimina obovata;NA;US;Florida;29.785919;-82.031144
2273384292;Asimina obovata;NA;US;Florida;29.78889;-82.025806
4061137802;Asimina obovata;NA;US;Florida;29.83;-81.95
4439076535;Asimina obovata;K. Mercier;US;Florida;29.843351;-81.951361
122905924;Asimina obovata;NA;US;Florida;29.9831;-81.8579
3747788332;Asimina obovata;Ronald L McGregor;US;Florida;30.18944;-82.63944
122905795;Asimina obovata;NA;US;Florida;30.1956;-82.9915
1503301633;Asimina obovata;NA;US;Florida;30.5;-82.9333
1503260445;Asimina parviflora;NA;US;Florida;27.1872;-81.8861
1503274300;Asimina parviflora;NA;US;Florida;27.3072;-82.2581
122906351;Asimina parviflora;NA;US;Florida;27.3434;-81.341
1503192730;Asimina parviflora;NA;US;Florida;27.35;-81.8
1503181545;Asimina parviflora;NA;US;Florida;27.4667;-81.9167
2234372583;Asimina parviflora;Elam, Susan;US;Florida;27.507452;-81.817473
1457771774;Asimina parviflora;NA;US;Florida;27.84163;-81.47222
1503229001;Asimina parviflora;NA;US;Florida;27.85;-82.1333
1503214213;Asimina parviflora;NA;US;Florida;27.85;-82.1333
1503249407;Asimina parviflora;NA;US;Florida;27.9167;-82.35
1503297356;Asimina parviflora;NA;US;Florida;27.9167;-81.8167
1503181503;Asimina parviflora;NA;US;Florida;27.9932;-82.4547
1503180316;Asimina parviflora;NA;US;Florida;27.9932;-82.4547
1503273511;Asimina parviflora;NA;US;Florida;28.1157;-82.0592
1503180695;Asimina parviflora;R. P. Wunderlin;US;Florida;28.1667;-81.4167
1503244028;Asimina parviflora;NA;US;Florida;28.5544;-80.8253
1503263577;Asimina parviflora;NA;US;Florida;28.665;-82.1129
1503214368;Asimina parviflora;NA;US;Florida;28.6833;-82.1833
1503210284;Asimina parviflora;NA;US;Florida;28.7097;-81.7329
1503238994;Asimina parviflora;NA;US;Florida;28.7222;-81.3022
1849166127;Asimina parviflora;Orzell, Steve;US;Florida;28.722222;-81.302222
1457779526;Asimina parviflora;NA;US;Florida;28.722222;-81.302222
2234372142;Asimina parviflora;Ward, Daniel B.;US;Florida;28.754815;-82.059059
1503207111;Asimina parviflora;NA;US;Florida;28.8358;-82.3304
1503266679;Asimina parviflora;NA;US;Florida;28.8394;-81.4056
1503210268;Asimina parviflora;NA;US;Florida;29.0803;-81.5781
1457822945;Asimina parviflora;NA;US;Florida;29.200967;-82.03175
122906190;Asimina parviflora;NA;US;Florida;29.2102;-82.0567
1503250781;Asimina parviflora;NA;US;Florida;29.3408;-81.0836
1457816701;Asimina parviflora;NA;US;Florida;29.340944;-81.083556
1503238592;Asimina parviflora;B. F. Hansen;US;Florida;29.3914;-81.6387
122906026;Asimina parviflora;NA;US;Florida;29.45;-81.2833
122905839;Asimina parviflora;NA;US;Florida;29.4711;-81.293
3059704787;Asimina parviflora;NA;US;Florida;29.504692;-82.279823
3744708996;Asimina parviflora;Majure, Lucas C.;US;Florida;29.55;-81.68
3925867909;Asimina parviflora;L.C. Majure;US;Florida;29.559333;-82.323333
1457757832;Asimina parviflora;NA;US;Florida;29.6115;-82.40745
1457812816;Asimina parviflora;NA;US;Florida;29.61193;-82.40644
415893906;Asimina parviflora;NA;US;Florida;29.65166;-82.32472
1457789759;Asimina parviflora;NA;US;Florida;29.663417;-82.537028
122906237;Asimina parviflora;NA;US;Florida;29.6748;-82.3577
1990222108;Asimina parviflora;NA;US;Florida;29.67574;-82.357221
1457760222;Asimina parviflora;NA;US;Florida;29.68843;-82.0141
1457761465;Asimina parviflora;NA;US;Florida;29.6935;-82.01853
4439122716;Asimina parviflora;K. Mercier;US;Florida;29.694721;-82.019482
4439112413;Asimina parviflora;K. Mercier;US;Florida;29.694721;-82.019482
3710069652;Asimina parviflora;NA;US;Florida;29.715;-81.234
3709934668;Asimina parviflora;NA;US;Florida;29.715;-81.234
3710070666;Asimina parviflora;NA;US;Florida;29.716;-81.232
1457793479;Asimina parviflora;NA;US;Florida;29.71956;-81.97089
1457813591;Asimina parviflora;NA;US;Florida;29.72291;-81.97688
1142079576;Asimina parviflora;R. Abbott;US;NA;29.75;-83.33333
4061131404;Asimina parviflora;NA;US;Florida;29.7627;-83.3354
4111433350;Asimina parviflora;NA;US;Florida;29.784;-81.856
122905884;Asimina parviflora;NA;US;Florida;29.8117;-84.8005
4153053398;Asimina parviflora;NA;US;Florida;29.890147;-84.799665
1849110701;Asimina parviflora;Anderson, Loran;US;Florida;29.890239;-84.803869
122906112;Asimina parviflora;NA;US;Florida;29.9086;-85.261
4061817568;Asimina parviflora;NA;US;Florida;29.9233;-82.9217
1457777272;Asimina parviflora;NA;US;Florida;29.923333;-82.921667
122906349;Asimina parviflora;NA;US;Florida;29.9831;-81.8579
4153066534;Asimina parviflora;NA;US;Florida;29.985344;-83.180932
2859397649;Asimina parviflora;NA;US;Florida;30.065241;-81.697593
4153046761;Asimina parviflora;NA;US;Florida;30.08761;-84.16288
1990222107;Asimina parviflora;NA;US;Florida;30.091335;-84.359111
4153076436;Asimina parviflora;NA;US;Florida;30.09152;-84.16039
4153040380;Asimina parviflora;NA;US;Florida;30.09152;-84.16039
1891268026;Asimina parviflora;C. vanHoek;US;Florida;30.131;-85.6033
1503173868;Asimina parviflora;NA;US;Florida;30.2;-85.6167
3707720780;Asimina parviflora;NA;US;Mississippi;30.20043;-89.5051
4153040639;Asimina parviflora;NA;US;Florida;30.20098;-83.96944
3829946728;Asimina parviflora;NA;US;Alabama;30.246663;-88.102772
2807483076;Asimina parviflora;Turner, Billie Lee;US;Texas;30.25;-94.16667
2807267689;Asimina parviflora;Turner, Billie Lee;US;Texas;30.25;-94.16667
3969548999;Asimina parviflora;R. W. Sanders;US;Texas;30.25;-94.166667
3969546997;Asimina parviflora;R. W. Sanders;US;Texas;30.25;-94.166667
2807433930;Asimina parviflora;Simpson, Beryl B.;US;Texas;30.254144;-94.177962
2464664982;Asimina parviflora;NA;US;Texas;30.254144;-94.177962
4061114253;Asimina parviflora;A. Townesmith;US;Florida;30.280556;-84.345278
1990223566;Asimina parviflora;NA;US;Texas;30.329648;-94.393178
3747784317;Asimina parviflora;Ronald L McGregor;US;Florida;30.32967;-82.75902
415951984;Asimina parviflora;NA;US;Florida;30.33194;-81.65583
415893909;Asimina parviflora;NA;US;Florida;30.33194;-81.65583
3747802330;Asimina parviflora;Allan Hiram Curtiss;US;Florida;30.33194;-81.65583
3747797322;Asimina parviflora;Nathaniel T Kidder;US;Florida;30.332;-81.656
3829946718;Asimina parviflora;NA;US;Florida;30.332184;-81.655651
2464707745;Asimina parviflora;NA;US;Texas;30.339648;-94.226124
2807348157;Asimina parviflora;Simpson, Beryl B.;US;Texas;30.344449;-94.175527
2464654017;Asimina parviflora;NA;US;Texas;30.344449;-94.175527
3829946727;Asimina parviflora;NA;US;Mississippi;30.36556;-88.55611
3866885326;Asimina parviflora;NA;US;Texas;30.36797;-94.23803
4061706208;Asimina parviflora;NA;US;Florida;30.3688;-82.8997
1932898365;Asimina parviflora;Wendy B. Zomlefer;US;Florida;30.379833;-81.482
3709931664;Asimina parviflora;NA;US;Florida;30.38;-81.482
2807458448;Asimina parviflora;Turner, Billie Lee;US;Texas;30.39056;-94.25694
3747787308;Asimina parviflora;Robert Kral;US;Florida;30.404496;-87.000006
4153095553;Asimina parviflora;NA;US;Florida;30.405886;-85.197359
1258857719;Asimina parviflora;NA;US;Mississippi;30.41;-88.78
2234373168;Asimina parviflora;Kral, Robert;US;Mississippi;30.41111;-88.82778
4088575623;Asimina parviflora;NA;US;Mississippi;30.424088;-88.956408
3829946704;Asimina parviflora;NA;US;Mississippi;30.43028;-88.84222
1503205022;Asimina parviflora;NA;US;Florida;30.4333;-86.9
1990222078;Asimina parviflora;NA;US;Florida;30.48767;-84.274851
1990222071;Asimina parviflora;NA;US;Florida;30.48767;-84.274851
1260583846;Asimina parviflora;NA;US;Florida;30.49;-86.60666
1258481698;Asimina parviflora;James S. Miller (MO);US;Florida;30.49;-86.60666
4153096769;Asimina parviflora;NA;US;Florida;30.49697;-84.26291
2859125010;Asimina parviflora;NA;US;Florida;30.508531;-86.502728
1503198880;Asimina parviflora;NA;US;Florida;30.5169;-86.4822
2464653025;Asimina parviflora;NA;US;Texas;30.549241;-93.796799
4061653750;Asimina parviflora;James S. Miller (MO);US;Florida;30.5675;-86.54666
1503187988;Asimina parviflora;NA;US;Florida;30.5871;-84.5832
1990216074;Asimina parviflora;NA;US;Florida;30.602102;-85.655805
3707740739;Asimina parviflora;NA;US;Mississippi;30.6067;-88.6322
3829946564;Asimina parviflora;NA;US;Mississippi;30.612863;-88.6875
1990218226;Asimina parviflora;NA;US;Florida;30.614325;-86.59108
1990225744;Asimina parviflora;NA;US;Alabama;30.659218;-87.746067
2807468026;Asimina parviflora;Simpson, Beryl B.;US;Texas;30.6605;-93.8927
1664965949;Asimina parviflora;NA;US;Texas;30.6605;-93.8927
1503236591;Asimina parviflora;NA;US;Florida;30.6806;-87.2903
1503214005;Asimina parviflora;NA;US;Florida;30.7;-85.0667
3969546995;Asimina parviflora;NA;US;Texas;30.748056;-94.233056
3969828988;Asimina parviflora;NA;US;Texas;30.748333;-94.233056
1503310507;Asimina parviflora;NA;US;Florida;30.7732;-85.8141
1503304931;Asimina parviflora;NA;US;Florida;30.7732;-85.8141
1896082215;Asimina parviflora;NO DISPONIBLE;US;Texas;30.778333;-94.427778
3829946547;Asimina parviflora;NA;US;Mississippi;30.781694;-88.884615
3829946540;Asimina parviflora;NA;US;Mississippi;30.781694;-88.884615
3829949498;Asimina parviflora;NA;US;Mississippi;30.786503;-89.132591
1269725843;Asimina parviflora;NA;US;Louisiana;30.805;-90.373611
3829946541;Asimina parviflora;NA;US;Mississippi;30.8075;-88.52
3829946538;Asimina parviflora;NA;US;Mississippi;30.8075;-88.52
2234371386;Asimina parviflora;Clark, Ross C.;US;Alabama;30.841297;-87.903051
3707720662;Asimina parviflora;NA;US;Mississippi;30.9302;-89.1789
2807568599;Asimina parviflora;Turner, Billie Lee;US;Texas;30.9375;-94.41722
4153049158;Asimina parviflora;NA;US;Florida;30.97371;-85.68177
2234372097;Asimina parviflora;Clark, Ross C.;US;Alabama;31.007407;-85.032985
3707763925;Asimina parviflora;NA;US;Mississippi;31.0141;-88.71014
3829946553;Asimina parviflora;NA;US;Mississippi;31.06667;-88.98333
2807482893;Asimina parviflora;Turner, Billie Lee;US;Texas;31.07417;-94.275
3744681755;Asimina parviflora;NA;US;Alabama;31.08;-87.78
2859149307;Asimina parviflora;J.E. Rawlins 1991;US;Alabama;31.082571;-86.892325
1896082229;Asimina parviflora;Kral;US;Alabama;31.111111;-86.086667
3747802332;Asimina parviflora;Robert Kral;US;Alabama;31.112067;-86.098585
3747785335;Asimina parviflora;Nathaniel T Kidder;US;Alabama;31.112807;-86.084332
2890660365;Asimina parviflora;NA;US;Alabama;31.12;-87.15
3744681721;Asimina parviflora;Sidney McDaniel;US;Alabama;31.12;-86.18
4088569691;Asimina parviflora;NA;US;Mississippi;31.14201;-89.24109
2234372445;Asimina parviflora;Clark, Ross C.;US;Alabama;31.163259;-85.738637
2234371871;Asimina parviflora;Clark, Ross C.;US;Alabama;31.16438;-86.799516
122906104;Asimina parviflora;NA;US;Georgia;31.1667;-84.3833
3766333108;Asimina parviflora;NA;US;Alabama;31.16766;-86.69842
3707728878;Asimina parviflora;NA;US;Mississippi;31.17556;-90.53247
3709931553;Asimina parviflora;NA;US;Georgia;31.196944;-84.423333
4088569667;Asimina parviflora;NA;US;Mississippi;31.202957;-89.175057
3744681727;Asimina parviflora;NA;US;Alabama;31.23;-85.36
3707717906;Asimina parviflora;NA;US;Alabama;31.256965;-85.120272
3707721648;Asimina parviflora;NA;US;Mississippi;31.26486;-89.0053
3707757176;Asimina parviflora;NA;US;Mississippi;31.32;-89.945
2807192317;Asimina parviflora;Turner, Billie Lee;US;Texas;31.32694;-93.69611
3707734003;Asimina parviflora;NA;US;Mississippi;31.329;-90.971
3707717733;Asimina parviflora;NA;US;Alabama;31.332869;-85.102007
3925866109;Asimina parviflora;NA;US;Mississippi;31.390827;-91.161775
3925866198;Asimina parviflora;NA;US;Alabama;31.4275;-85.616944
3969832183;Asimina parviflora;NA;US;Alabama;31.440517;-85.25969
2234372890;Asimina parviflora;Clark, Ross C.;US;Alabama;31.492369;-85.407918
1913945912;Asimina parviflora;Alvin Roosevelt Diamond;US;Alabama;31.521111;-86.528333
3707736954;Asimina parviflora;NA;US;Georgia;31.5282;-81.23636
3925866106;Asimina parviflora;NA;US;Mississippi;31.555632;-89.502082
1913946241;Asimina parviflora;Alvin Roosevelt Diamond;US;Alabama;31.5715;-85.494139
3744683054;Asimina parviflora;NA;US;Alabama;31.77;-85.89
4088566457;Asimina parviflora;NA;US;Mississippi;31.829586;-88.529187
3707766328;Asimina parviflora;NA;US;Mississippi;31.8794;-89.28039
3899130726;Asimina parviflora;NA;US;Mississippi;31.88404;-89.52356
3707763736;Asimina parviflora;NA;US;Mississippi;31.91227;-89.78782
1990222298;Asimina parviflora;NA;US;Georgia;31.913641;-82.931063
3707757725;Asimina parviflora;NA;US;Mississippi;31.916;-89.956
3744683109;Asimina parviflora;NA;US;Alabama;31.92;-87.39
3707747553;Asimina parviflora;NA;US;Mississippi;31.929;-88.716
3744683855;Asimina parviflora;NA;US;Alabama;31.93;-84.04
4015889850;Asimina parviflora;NA;US;Alabama;31.9315;-85.956167
3707751315;Asimina parviflora;NA;US;Mississippi;31.973611;-88.703889
3710040378;Asimina parviflora;NA;US;Georgia;31.973889;-81.072222
3710039368;Asimina parviflora;NA;US;Georgia;31.973889;-81.072222
3925853383;Asimina parviflora;NA;US;Mississippi;31.9891;-89.3579
3707733575;Asimina parviflora;NA;US;Mississippi;31.9891;-89.3579
3709843779;Asimina parviflora;NA;US;Georgia;32.01929;-81.31558
3709985735;Asimina parviflora;NA;US;Georgia;32.02043;-81.31584
3709838798;Asimina parviflora;NA;US;Georgia;32.02066;-81.31974
2234371347;Asimina parviflora;Clark, Ross C.;US;Alabama;32.041434;-88.252177
3827674147;Asimina parviflora;NA;US;Georgia;32.065263;-82.84711
3925866107;Asimina parviflora;NA;US;Mississippi;32.089577;-88.45861
2234371533;Asimina parviflora;Clark, Ross C.;US;Alabama;32.089591;-88.205486
3925866101;Asimina parviflora;NA;US;Mississippi;32.094682;-88.610624
3925866097;Asimina parviflora;NA;US;Mississippi;32.095148;-88.688932
4433551089;Asimina parviflora;NA;US;Texas;32.108441;-94.273015
2859142077;Asimina parviflora;NA;US;Alabama;32.108933;-85.079921
3747791327;Asimina parviflora;Robert Kral;US;Alabama;32.164611;-86.115811
1846526495;Asimina parviflora;NA;US;Louisiana;32.166998;-92.117885
3925866100;Asimina parviflora;NA;US;Mississippi;32.177386;-88.444108
3709971590;Asimina parviflora;NA;US;Georgia;32.1836;-81.4216
3709846736;Asimina parviflora;NA;US;Georgia;32.190533;-84.127884
3709977809;Asimina parviflora;NA;US;Georgia;32.197605;-84.125958
2234412490;Asimina parviflora;Clark, Ross C.;US;Alabama;32.249161;-87.520533
1269649693;Asimina parviflora;NA;US;Louisiana;32.25;-92.833
3344421691;Asimina parviflora;Payne, D.;US;South Carolina;32.275;-80.931944
3707757265;Asimina parviflora;NA;US;Mississippi;32.27934;-88.85261
3707731360;Asimina parviflora;NA;US;Mississippi;32.31124;-88.88999
3744681720;Asimina parviflora;NA;US;Alabama;32.32;-87.03
3744683048;Asimina parviflora;NA;US;Alabama;32.32;-85
3707752454;Asimina parviflora;NA;US;Mississippi;32.326381;-89.920511
3344421722;Asimina parviflora;Payne, D.;US;South Carolina;32.338556;-80.875556
3709970444;Asimina parviflora;NA;US;Georgia;32.3395;-81.4644
1849167875;Asimina parviflora;Nelson, John;US;South Carolina;32.3512;-81.1411
2859141187;Asimina parviflora;NA;US;Louisiana;32.356822;-92.989027
3747791323;Asimina parviflora;Robert Kral;US;Alabama;32.361497;-87.002905
3829946695;Asimina parviflora;NA;US;Mississippi;32.36417;-88.70361
2234411088;Asimina parviflora;NA;US;Alabama;32.366468;-85.364111
1258857720;Asimina parviflora;NA;US;Louisiana;32.36666;-93.01666
3707757847;Asimina parviflora;NA;US;Mississippi;32.36871;-88.9181
1899880682;Asimina parviflora;NA;US;Mississippi;32.37819;-88.943496
3744681808;Asimina parviflora;NA;US;Alabama;32.39;-86.78
4111425444;Asimina parviflora;NA;US;Mississippi;32.39553;-88.91411
3744681813;Asimina parviflora;NA;US;Alabama;32.4;-86.72
3707767671;Asimina parviflora;NA;US;Mississippi;32.41057;-88.80665
1896082222;Asimina parviflora;Kral;US;Alabama;32.420833;-87.026944
2234371644;Asimina parviflora;Clark, Ross C.;US;Alabama;32.470252;-86.835923
3829947306;Asimina parviflora;NA;US;Mississippi;32.475141;-88.796715
1990222185;Asimina parviflora;NA;US;Louisiana;32.480932;-92.151581
3709832353;Asimina parviflora;NA;US;Georgia;32.486553;-83.547875
3709953870;Asimina parviflora;NA;US;Georgia;32.506894;-83.557714
3709982468;Asimina parviflora;NA;US;Georgia;32.511378;-83.469483
2234371679;Asimina parviflora;Bell, C. R.;US;South Carolina;32.54045;-81.198547
1269728333;Asimina parviflora;NA;US;Louisiana;32.54153;-93.21024
1269727993;Asimina parviflora;NA;US;Louisiana;32.54153;-93.21024
2234372404;Asimina parviflora;Gray, Bill;US;Alabama;32.568071;-85.548503
3744681751;Asimina parviflora;NA;US;Alabama;32.6;-84.53
3744681749;Asimina parviflora;NA;US;Alabama;32.6;-84.53
2234371690;Asimina parviflora;Clark, Ross C.;US;Alabama;32.67201;-87.931404
1258857682;Asimina parviflora;NA;US;Louisiana;32.68333;-92.66666
3707725439;Asimina parviflora;NA;US;Mississippi;32.747222;-89.401167
2234371393;Asimina parviflora;Clark, Ross C.;US;Alabama;32.816166;-86.968644
3707725783;Asimina parviflora;NA;US;Mississippi;32.845;-89.105
3744681726;Asimina parviflora;Ross C. Clark;US;Alabama;32.85;-86.33
2234373056;Asimina parviflora;Williams, Norris;US;Alabama;32.854359;-87.670442
3707746170;Asimina parviflora;NA;US;Mississippi;32.8971;-88.8773
4433572186;Asimina parviflora;NA;US;Mississippi;32.91143;-89.25792
3707725961;Asimina parviflora;NA;US;Mississippi;32.9525;-89.3031
1899879727;Asimina parviflora;NA;US;Alabama;32.95672;-87.42805
1899882397;Asimina parviflora;NA;US;Alabama;32.96249;-87.41544
1990218558;Asimina parviflora;NA;US;South Carolina;32.979757;-81.363265
2234372243;Asimina parviflora;NA;US;Alabama;32.986262;-85.860681
3336617322;Asimina parviflora;NA;US;Louisiana;32.990977;-94.016005
3707746185;Asimina parviflora;NA;US;Mississippi;32.9941;-89.134
2234373013;Asimina parviflora;Clark, Ross C.;US;Alabama;33.000122;-87.145215
3744683065;Asimina parviflora;NA;US;Alabama;33.01;-87.41
1269691513;Asimina parviflora;NA;US;Alabama;33.016;-87.416
1990215476;Asimina parviflora;NA;US;Georgia;33.018784;-83.921837
3435791900;Asimina parviflora;Brent Baker;US;Arkansas;33.03387;-93.96203
1849189691;Asimina parviflora;Horn, Charles N.;US;South Carolina;33.053416;-81.505089
1849110182;Asimina parviflora;Kral, R.;US;South Carolina;33.053416;-81.505089
3435791903;Asimina parviflora;Brent Baker;US;Arkansas;33.07565;-93.94561
2234373021;Asimina parviflora;Clark, Ross;US;Alabama;33.090797;-85.529675
2234371123;Asimina parviflora;Clark, Ross C.;US;Alabama;33.095144;-86.451748
3744683104;Asimina parviflora;NA;US;Alabama;33.11;-86.53
3989867347;Asimina parviflora;Eran S. Kilpatrick;US;South Carolina;33.17016;-80.96658
3709979883;Asimina parviflora;NA;US;Georgia;33.1917;-83.769133
3709842826;Asimina parviflora;NA;US;Georgia;33.1917;-83.769133
3470018744;Asimina parviflora;Theo Witsell;US;Arkansas;33.194;-94.03997
3435791908;Asimina parviflora;Theo Witsell;US;Arkansas;33.194;-94.03997
3435791651;Asimina parviflora;Theo Witsell;US;Arkansas;33.19446;-94.0316
3435791543;Asimina parviflora;Theo Witsell;US;Arkansas;33.19446;-94.0316
3709842844;Asimina parviflora;NA;US;Georgia;33.1949;-83.76995
3709843851;Asimina parviflora;NA;US;Georgia;33.20005;-83.770517
3744683055;Asimina parviflora;NA;US;Alabama;33.23;-86.97
2464675124;Asimina parviflora;NA;US;Arkansas;33.242462;-92.604882
3744683069;Asimina parviflora;NA;US;Alabama;33.25;-87.59
3059698521;Asimina parviflora;R. Kral;US;South Carolina;33.25;-81.6667
3709979903;Asimina parviflora;NA;US;Georgia;33.255517;-83.682267
3744683101;Asimina parviflora;NA;US;Alabama;33.26;-87.38
3744683067;Asimina parviflora;NA;US;Alabama;33.32;-87.34
3744683060;Asimina parviflora;NA;US;Alabama;33.32;-85.99
2464659953;Asimina parviflora;NA;US;Arkansas;33.330256;-92.622395
2234371812;Asimina parviflora;Adams, J. E.;US;South Carolina;33.355069;-79.294497
3744683052;Asimina parviflora;NA;US;Alabama;33.4;-87.93
3829946544;Asimina parviflora;NA;US;Mississippi;33.430402;-89.324318
2234371061;Asimina parviflora;Clark, Ross C.;US;Alabama;33.482053;-85.814685
2417992498;Asimina parviflora;NA;US;South Carolina;33.578889;-79.123333
2592250203;Asimina parviflora;NA;US;South Carolina;33.5789;-79.1233
2234372023;Asimina parviflora;Clark, Ross C.;US;Alabama;33.599063;-86.554225
2234372476;Asimina parviflora;Adams, J. E.;US;South Carolina;33.624784;-82.117423
2234372111;Asimina parviflora;Kral, R.;US;South Carolina;33.68906;-78.886694
3744681816;Asimina parviflora;NA;US;Alabama;33.7;-85.73
3744681815;Asimina parviflora;NA;US;Alabama;33.72;-85.67
3744681835;Asimina parviflora;NA;US;Alabama;33.8;-85.54
3709981909;Asimina parviflora;NA;US;Georgia;33.806217;-84.14575
3709844937;Asimina parviflora;NA;US;Georgia;33.810115;-84.135016
2234372454;Asimina parviflora;Clark, Ross C.;US;Alabama;33.813143;-85.721185
1849099233;Asimina parviflora;Bradley, Keith;US;South Carolina;33.820077;-78.863517
3829946520;Asimina parviflora;NA;US;Mississippi;33.886935;-88.273935
2234372217;Asimina parviflora;Adams, J. E.;US;South Carolina;33.888736;-82.004138
3747797301;Asimina parviflora;J E Adams;US;South Carolina;33.888799;-82.00181
2234372070;Asimina parviflora;Anonymous;US;South Carolina;33.920366;-80.210336
2234371873;Asimina parviflora;Adams, J. E.;US;South Carolina;33.920366;-80.210336
1932898555;Asimina parviflora;Wendy B. Zomlefer;US;Georgia;33.930333;-84.593833
3744681817;Asimina parviflora;NA;US;Alabama;33.98;-86.61
2234371822;Asimina parviflora;Clark, Ross C.;US;Alabama;33.995468;-85.596912
2234371184;Asimina parviflora;Clark, Ross C.;US;Alabama;33.995468;-85.596912
1990225729;Asimina parviflora;NA;US;North Carolina;34.041646;-77.89884
3829946597;Asimina parviflora;NA;US;Mississippi;34.045703;-88.562295
3829946521;Asimina parviflora;NA;US;Mississippi;34.045703;-88.562295
3829946517;Asimina parviflora;NA;US;Mississippi;34.045703;-88.562295
2234370669;Asimina parviflora;Anonymous;US;South Carolina;34.07083;-80.163684
4015894606;Asimina parviflora;NA;US;Georgia;34.11911;-84.49747
3747805326;Asimina parviflora;Nancy C Coile;US;Georgia;34.121311;-83.039626
1990225751;Asimina parviflora;NA;US;North Carolina;34.130139;-78.227323
1990225743;Asimina parviflora;NA;US;North Carolina;34.130139;-78.227323
1990225740;Asimina parviflora;NA;US;North Carolina;34.130139;-78.227323
3744681719;Asimina parviflora;NA;US;Alabama;34.16;-85.15
3744681756;Asimina parviflora;NA;US;Alabama;34.17;-88.14
4536651405;Asimina parviflora;Wilbur, Robert L.;US;North Carolina;34.225726;-77.94471
2859432637;Asimina parviflora;NA;US;North Carolina;34.225726;-77.94471
3344421726;Asimina parviflora;Townsend, J.;US;South Carolina;34.249444;-82.7375
3744681837;Asimina parviflora;NA;US;Alabama;34.28;-86.9
3747790331;Asimina parviflora;Robert Kral;US;Alabama;34.286806;-86.894596
2234371525;Asimina parviflora;Adams, J. E.;US;South Carolina;34.289286;-82.207899
3744681752;Asimina parviflora;NA;US;Alabama;34.3;-87.79
2234371314;Asimina parviflora;Clark, Ross C.;US;Alabama;34.329891;-87.450822
3744681745;Asimina parviflora;Robert R. Haynes;US;Alabama;34.33;-87.44
3744681743;Asimina parviflora;NA;US;Alabama;34.34;-87.43
2234371733;Asimina parviflora;Kral, R.;US;South Carolina;34.365987;-80.115624
2234371468;Asimina parviflora;Kral, Robert;US;South Carolina;34.366826;-80.115454
2234373122;Asimina parviflora;Kral, R.;US;South Carolina;34.367426;-80.116951
2234371942;Asimina parviflora;Kral, R.;US;South Carolina;34.374043;-80.0734
2234371474;Asimina parviflora;Kral, R.;US;South Carolina;34.374043;-80.0734
3747788329;Asimina parviflora;Robert Kral;US;Alabama;34.377995;-87.723756
2234372893;Asimina parviflora;Kral, R.;US;South Carolina;34.37821;-80.067567
2234370530;Asimina parviflora;Kral, R.;US;South Carolina;34.37821;-80.067567
3744681725;Asimina parviflora;NA;US;Alabama;34.39;-85.6
2234371864;Asimina parviflora;Horn, Charles N.;US;North Carolina;34.441889;-78.37292
4088569678;Asimina parviflora;NA;US;North Carolina;34.446411;-78.964176
4088569675;Asimina parviflora;NA;US;North Carolina;34.446411;-78.964176
2273386412;Asimina parviflora;NA;US;North Carolina;34.446411;-78.964176
2234371889;Asimina parviflora;Radford, A. E.;US;South Carolina;34.458426;-82.2065
2234373457;Asimina parviflora;Horn, Charles N.;US;North Carolina;34.491285;-77.506486
2234372463;Asimina parviflora;Demaree, Delzie;US;Alabama;34.495642;-85.618853
4060939860;Asimina parviflora;NA;US;Georgia;34.5;-83.45
4010717418;Asimina parviflora;NA;US;South Carolina;34.51;-81.746667
2234372407;Asimina parviflora;Kral, R.;US;Alabama;34.521651;-87.311045
2273384585;Asimina parviflora;NA;US;Georgia;34.528611;-83.376111
1990225804;Asimina parviflora;NA;US;North Carolina;34.549943;-77.923282
1990225788;Asimina parviflora;NA;US;North Carolina;34.549943;-77.923282
1990225774;Asimina parviflora;NA;US;North Carolina;34.549943;-77.923282
1849094680;Asimina parviflora;Bradley, Keith;US;South Carolina;34.57575;-82.076083
1849097813;Asimina parviflora;Bradley, Keith;US;South Carolina;34.579333;-82.070889
2234371799;Asimina parviflora;Adams, J. E.;US;South Carolina;34.588735;-80.118684
3344421618;Asimina parviflora;Eang, R.;US;South Carolina;34.599139;-82.832861
2234371866;Asimina parviflora;Horn, Charles N.;US;North Carolina;34.603857;-78.991192
2234370873;Asimina parviflora;Anonymous;US;South Carolina;34.610914;-79.500902
3344462191;Asimina parviflora;Parker, J.;US;South Carolina;34.629028;-82.889111
2234372332;Asimina parviflora;Horn, Charles N.;US;North Carolina;34.632699;-79.027464
3969908320;Asimina parviflora;Sorrie, B. A.;US;North Carolina;34.68686;-79.244918
1990223757;Asimina parviflora;NA;US;South Carolina;34.748895;-83.080851
1990223741;Asimina parviflora;NA;US;South Carolina;34.748895;-83.080851
1990215708;Asimina parviflora;NA;US;South Carolina;34.748895;-83.080851
4536646414;Asimina parviflora;Ives, James H.;US;North Carolina;34.829872;-77.833183
2234370600;Asimina parviflora;Horn, Charles N.;US;North Carolina;34.833876;-78.598863
2234371858;Asimina parviflora;Horn, Charles N.;US;North Carolina;34.89151;-77.232434
2234371268;Asimina parviflora;Horn, Charles N.;US;North Carolina;34.899942;-79.3478
4023034189;Asimina parviflora;NA;US;South Carolina;34.904277;-82.733409
2234373323;Asimina parviflora;Horn, Charles N.;US;North Carolina;34.962128;-78.846289
2234371510;Asimina parviflora;Horn, Charles N.;US;North Carolina;34.968876;-78.00703
2234371329;Asimina parviflora;Horn, Charles N.;US;North Carolina;34.970295;-78.768956
2234371699;Asimina parviflora;Kral, Robert;US;North Carolina;34.975069;-78.774612
2859431649;Asimina parviflora;J. E. Adams;US;North Carolina;34.983926;-77.988491
2234370741;Asimina parviflora;Adams, J. E.;US;South Carolina;35.008718;-82.992602
2234371752;Asimina parviflora;Horn, Charles N.;US;North Carolina;35.017432;-78.299541
2234372570;Asimina parviflora;Horn, Charles N.;US;North Carolina;35.026683;-77.1346
2234371036;Asimina parviflora;Horn, Charles N.;US;North Carolina;35.026683;-77.1346
2234371247;Asimina parviflora;Kral, Robert;US;South Carolina;35.053728;-82.427342
3969914302;Asimina parviflora;Sorrie, B. A.;US;North Carolina;35.05498;-79.689599
1990225722;Asimina parviflora;NA;US;North Carolina;35.079667;-78.84644
2234371861;Asimina parviflora;Horn, Charles N.;US;North Carolina;35.14051;-76.975231
2234371684;Asimina parviflora;Horn, Charles N.;US;North Carolina;35.205932;-81.838272
2234370351;Asimina parviflora;Horn, Charles N.;US;North Carolina;35.208436;-77.808288
2234372575;Asimina parviflora;Horn, Charles N.;US;North Carolina;35.213489;-81.306274
2234371479;Asimina parviflora;Freeman, Oliver Myles;US;North Carolina;35.217685;-81.911745
2234371737;Asimina parviflora;Horn, Charles N.;US;North Carolina;35.227386;-77.846925
2234371847;Asimina parviflora;Horn, Charles N.;US;North Carolina;35.23187;-77.820632
2234371470;Asimina parviflora;Horn, Charles N.;US;North Carolina;35.233353;-80.027303
1990223555;Asimina parviflora;NA;US;North Carolina;35.237869;-77.886027
2234373160;Asimina parviflora;Horn, Charles N.;US;North Carolina;35.238681;-77.774357
2234372464;Asimina parviflora;Horn, Charles N.;US;North Carolina;35.25063;-81.602405
2234369795;Asimina parviflora;Horn, Charles N.;US;North Carolina;35.275117;-82.035109
2234371777;Asimina parviflora;Horn, Charles N.;US;North Carolina;35.291274;-77.33496
2234371015;Asimina parviflora;Horn, Charles N.;US;North Carolina;35.291274;-77.33496
1990224031;Asimina parviflora;NA;US;North Carolina;35.320416;-79.501989
2234369780;Asimina parviflora;Horn, Charles N.;US;North Carolina;35.356628;-79.495249
3470664535;Asimina parviflora;NA;US;North Carolina;35.398989;-78.770369
1990224225;Asimina parviflora;NA;US;North Carolina;35.400722;-77.98325
1990223636;Asimina parviflora;NA;US;North Carolina;35.400722;-77.98325
1990223553;Asimina parviflora;NA;US;North Carolina;35.400722;-77.98325
1844418277;Asimina parviflora;NA;US;North Carolina;35.40259;-81.919812
1844417360;Asimina parviflora;NA;US;North Carolina;35.40259;-81.919812
1844417356;Asimina parviflora;NA;US;North Carolina;35.40259;-81.919812
2234371355;Asimina parviflora;Horn, Charles N.;US;North Carolina;35.405286;-77.938596
1990225705;Asimina parviflora;NA;US;North Carolina;35.472663;-76.909933
1990225761;Asimina parviflora;NA;US;North Carolina;35.478436;-76.845567
1990225756;Asimina parviflora;NA;US;North Carolina;35.478436;-76.845567
1990225725;Asimina parviflora;NA;US;North Carolina;35.478436;-76.845567
2234372258;Asimina parviflora;Horn, Charles N.;US;North Carolina;35.496231;-79.037045
1990222466;Asimina parviflora;NA;US;North Carolina;35.534826;-78.377298
2234372044;Asimina parviflora;Horn, Charles N.;US;North Carolina;35.537344;-81.578712
2234372227;Asimina parviflora;Horn, Charles N.;US;North Carolina;35.541168;-79.238625
2234370686;Asimina parviflora;Horn, Charles N.;US;North Carolina;35.541639;-79.24569
2234373067;Asimina parviflora;Adams, J. E.;US;North Carolina;35.542616;-79.248265
2234371601;Asimina parviflora;Horn, Charles N.;US;North Carolina;35.571734;-77.178448
2234370992;Asimina parviflora;Horn, Charles N.;US;North Carolina;35.573163;-77.707842
1990225695;Asimina parviflora;NA;US;North Carolina;35.614153;-79.15986
2234372031;Asimina parviflora;Horn, Charles N.;US;North Carolina;35.63374;-81.565858
2234371745;Asimina parviflora;Horn, Charles N.;US;North Carolina;35.647802;-81.490415
2234373450;Asimina parviflora;Horn, Charles N.;US;North Carolina;35.651783;-81.413
2234370784;Asimina parviflora;Horn, Charles N.;US;North Carolina;35.691944;-78.372778
1990225723;Asimina parviflora;NA;US;North Carolina;35.730566;-79.813966
1844418264;Asimina parviflora;NA;US;North Carolina;35.748819;-81.877674
1990225700;Asimina parviflora;NA;US;North Carolina;35.767456;-81.733113
2234371753;Asimina parviflora;Horn, Charles N.;US;North Carolina;35.788769;-77.554972
4536652409;Asimina parviflora;Wilbur, Robert L.;US;North Carolina;35.803529;-77.955969
4023034205;Asimina parviflora;NA;US;North Carolina;35.806411;-78.668393
4023034203;Asimina parviflora;NA;US;North Carolina;35.806411;-78.668393
4023034193;Asimina parviflora;NA;US;North Carolina;35.806411;-78.668393
4023034192;Asimina parviflora;NA;US;North Carolina;35.806411;-78.668393
1990225816;Asimina parviflora;NA;US;North Carolina;35.806411;-78.668393
2234373395;Asimina parviflora;Horn, Charles N.;US;North Carolina;35.807307;-79.058503
1990218213;Asimina parviflora;NA;US;North Carolina;35.815263;-78.644386
1849183754;Asimina parviflora;Sawyer, Jr., George;US;North Carolina;35.843389;-78.742306
1849152085;Asimina parviflora;Sawyer, Jr., George;US;North Carolina;35.843389;-78.742306
1849120372;Asimina parviflora;Sawyer, Jr., George;US;North Carolina;35.843389;-78.742306
2234371423;Asimina parviflora;Horn, Charles N.;US;North Carolina;35.853694;-78.75108
2234371883;Asimina parviflora;Horn, Charles N.;US;North Carolina;35.874228;-77.130307
2234371269;Asimina parviflora;Horn, Charles N.;US;North Carolina;35.898477;-79.110867
4536646415;Asimina parviflora;Wilbur, Robert L.;US;North Carolina;35.901928;-77.677732
2234371418;Asimina parviflora;Horn, Charles N.;US;North Carolina;35.902778;-77.545833
2234370893;Asimina parviflora;Horn, Charles N.;US;North Carolina;35.904051;-76.676887
2234370743;Asimina parviflora;Kral, Robert;US;North Carolina;35.9132;-79.055844
4536646419;Asimina parviflora;Wilbur, Robert L.;US;North Carolina;35.938198;-79.120291
2234372352;Asimina parviflora;Horn, Charles N.;US;North Carolina;35.943679;-79.934748
3395304333;Asimina parviflora;McCormick, Carol Ann;US;North Carolina;35.947395;-79.439732
3395317302;Asimina parviflora;McCormick, Carol Ann;US;North Carolina;35.949871;-79.435939
3395312323;Asimina parviflora;McCormick, Carol Ann;US;North Carolina;35.954286;-79.435763
2234372988;Asimina parviflora;Horn, Charles N.;US;North Carolina;35.96208;-79.762251
2234372569;Asimina parviflora;Horn, Charles N.;US;North Carolina;35.96209;-78.221963
2234372249;Asimina parviflora;Adams, J. E.;US;North Carolina;35.985451;-79.920581
2234373573;Asimina parviflora;Horn, Charles N.;US;North Carolina;36.073411;-78.873341
2234372368;Asimina parviflora;Horn, Charles N.;US;North Carolina;36.076803;-79.898091
2234371852;Asimina parviflora;Horn, Charles N.;US;North Carolina;36.086366;-75.705735
2234371919;Asimina parviflora;Horn, Charles N.;US;North Carolina;36.100275;-77.241078
3504057317;Asimina parviflora;McCormick, Carol Ann;US;North Carolina;36.112726;-79.394397
2640539565;Asimina parviflora;McCormick, Carol Ann;US;North Carolina;36.117;-79.399
3395310379;Asimina parviflora;McCormick, Carol Ann;US;North Carolina;36.119291;-79.401017
2234370886;Asimina parviflora;Horn, Charles N.;US;North Carolina;36.136111;-78.842778
2234373353;Asimina parviflora;Horn, Charles N.;US;North Carolina;36.136783;-79.426818
2234371894;Asimina parviflora;Horn, Charles N.;US;North Carolina;36.166098;-78.56437
4536647403;Asimina parviflora;Wilbur, Robert L.;US;North Carolina;36.197666;-78.791025
2234372541;Asimina parviflora;Horn, Charles N.;US;North Carolina;36.208611;-78.533306
1990225721;Asimina parviflora;NA;US;North Carolina;36.257929;-77.878316
1990225738;Asimina parviflora;NA;US;North Carolina;36.265199;-76.260691
2234370715;Asimina parviflora;Horn, Charles N.;US;North Carolina;36.285072;-76.8393
2234370941;Asimina parviflora;Horn, Charles N.;US;North Carolina;36.368728;-76.64511
2234372378;Asimina parviflora;Horn, Charles N.;US;North Carolina;36.381024;-77.453187
1990225762;Asimina parviflora;NA;US;North Carolina;36.395156;-77.016342
1990225754;Asimina parviflora;NA;US;North Carolina;36.395156;-77.016342
1990214108;Asimina parviflora;NA;US;North Carolina;36.395156;-77.016342
3331182067;Asimina parviflora;NA;US;North Carolina;36.43228;-76.685643
1990225742;Asimina parviflora;NA;US;North Carolina;36.459355;-76.728296
2234372313;Asimina parviflora;Horn, Charles N.;US;North Carolina;36.462666;-76.871256
2234371791;Asimina parviflora;Horn, Charles N.;US;North Carolina;36.526964;-79.766784
2234370188;Asimina parviflora;Horn, Charles N.;US;North Carolina;36.538502;-77.187431
3496961838;Asimina parviflora;NA;US;Virginia;36.821111;-76.851667
3496961779;Asimina parviflora;NA;US;Virginia;36.821111;-76.851667
122905877;Asimina pygmaea;NA;US;Florida;27.3434;-81.341
1457820680;Asimina pygmaea;NA;US;Florida;27.67188;-81.57693
415893910;Asimina pygmaea;NA;US;Florida;27.89333;-81.81055
1503308692;Asimina pygmaea;NA;US;Florida;27.9475;-82.4584
1503207069;Asimina pygmaea;NA;US;Florida;27.9475;-82.4584
1503183100;Asimina pygmaea;NA;US;Florida;27.9475;-82.4584
122906348;Asimina pygmaea;NA;US;Florida;27.9489;-81.6977
122906347;Asimina pygmaea;NA;US;Florida;27.9489;-81.6977
2859136694;Asimina pygmaea;H. N. Mozingo;US;Florida;27.981377;-81.949804
1503202839;Asimina pygmaea;R. P. Wunderlin;US;Florida;27.9833;-82.4409
1503275511;Asimina pygmaea;NA;US;Florida;28;-82
1503206155;Asimina pygmaea;NA;US;Florida;28;-82
1503180392;Asimina pygmaea;NA;US;Florida;28;-82
1503175488;Asimina pygmaea;NA;US;Florida;28;-82
1503180409;Asimina pygmaea;NA;US;Florida;28.0197;-82.7718
1503285357;Asimina pygmaea;NA;US;Florida;28.0614;-82.3023
3988162308;Asimina pygmaea;NA;US;Florida;28.1592;-82.5994
1503257432;Asimina pygmaea;B. F. Hansen;US;Florida;28.1939;-82.5918
1503231694;Asimina pygmaea;R. P. Wunderlin;US;Florida;28.2336;-82.1812
1503231674;Asimina pygmaea;R. P. Wunderlin;US;Florida;28.2336;-82.1812
1503217834;Asimina pygmaea;B. F. Hansen;US;Florida;28.5553;-82.3879
1503214454;Asimina pygmaea;K. R. DeLaney;US;Florida;28.5553;-82.3879
1503177629;Asimina pygmaea;NA;US;Florida;28.5878;-82.2276
1503285432;Asimina pygmaea;NA;US;Florida;28.6333;-80.6833
1503265617;Asimina pygmaea;NA;US;Florida;28.6653;-80.8448
1503210285;Asimina pygmaea;R. P. Wunderlin;US;Florida;28.6922;-81.5473
122905888;Asimina pygmaea;NA;US;Florida;28.7615;-81.7113
1503207131;Asimina pygmaea;NA;US;Florida;28.8358;-82.3304
415893911;Asimina pygmaea;NA;US;Florida;28.8525;-81.68555
2859433656;Asimina pygmaea;NA;US;Florida;28.852768;-81.685353
2859134708;Asimina pygmaea;NA;US;Florida;28.852768;-81.685353
1503266701;Asimina pygmaea;NA;US;Florida;28.8661;-81.45
1930545205;Asimina pygmaea;NA;US;Florida;28.868643;-80.853811
1457793353;Asimina pygmaea;NA;US;Florida;29.13096;-81.27734
1503282090;Asimina pygmaea;NA;US;Florida;29.1872;-82.1794
1503266967;Asimina pygmaea;NA;US;Florida;29.2025;-82.0492
1457813182;Asimina pygmaea;NA;US;Florida;29.2032;-82.04765
4061107722;Asimina pygmaea;NA;US;Florida;29.2123;-82.9746
4061105474;Asimina pygmaea;NA;US;Florida;29.2123;-82.9746
4061111370;Asimina pygmaea;NA;US;Florida;29.2717;-82.4427
1457746381;Asimina pygmaea;NA;US;Florida;29.271722;-82.442694
122905815;Asimina pygmaea;NA;US;Florida;29.2822;-82.7886
4153044240;Asimina pygmaea;NA;US;Florida;29.323601;-82.736534
122905814;Asimina pygmaea;NA;US;Florida;29.4333;-82.45
1457753282;Asimina pygmaea;NA;US;Florida;29.468056;-81.726944
1503261782;Asimina pygmaea;NA;US;Florida;29.4681;-81.7269
1503310535;Asimina pygmaea;NA;US;Florida;29.4711;-81.293
1990222076;Asimina pygmaea;NA;US;Florida;29.474891;-81.286253
4439089946;Asimina pygmaea;K. Mercier;US;Florida;29.528712;-82.188283
122906055;Asimina pygmaea;NA;US;Florida;29.5812;-83.187
122906047;Asimina pygmaea;NA;US;Florida;29.6086;-81.7443
1503216157;Asimina pygmaea;NA;US;Florida;29.6133;-82.8176
1457810197;Asimina pygmaea;NA;US;Florida;29.621647;-83.368992
1457769346;Asimina pygmaea;NA;US;Florida;29.621647;-83.368992
3046007308;Asimina pygmaea;W. S. Judd;US;Florida;29.6217;-83.3689
1503296838;Asimina pygmaea;NA;US;Florida;29.6333;-81.25
1503286664;Asimina pygmaea;NA;US;Florida;29.6464;-82.6065
4153083437;Asimina pygmaea;NA;US;Florida;29.647844;-81.317563
3829946410;Asimina pygmaea;NA;US;Florida;29.651634;-82.324826
3747788310;Asimina pygmaea;Allan Hiram Curtiss;US;Florida;29.651634;-82.324826
1457767532;Asimina pygmaea;NA;US;Florida;29.66475;-82.53695
1990222038;Asimina pygmaea;NA;US;Florida;29.67574;-82.357221
1457756883;Asimina pygmaea;NA;US;Florida;29.69134;-82.00807
1457802912;Asimina pygmaea;NA;US;Florida;29.69984;-82.02052
1457754895;Asimina pygmaea;NA;US;Florida;29.69984;-82.02052
1457750477;Asimina pygmaea;NA;US;Florida;29.69984;-82.02052
1457750702;Asimina pygmaea;NA;US;Florida;29.70023;-82.01736
1457824399;Asimina pygmaea;NA;US;Florida;29.70185;-82.01469
1457771547;Asimina pygmaea;NA;US;Florida;29.70185;-82.01469
1457771115;Asimina pygmaea;NA;US;Florida;29.70185;-82.01469
1457830379;Asimina pygmaea;NA;US;Florida;29.70971;-81.99236
1457809094;Asimina pygmaea;NA;US;Florida;29.70971;-81.99236
1457789915;Asimina pygmaea;NA;US;Florida;29.71956;-81.97089
1503303732;Asimina pygmaea;NA;US;Florida;29.7411;-82.9848
1503235794;Asimina pygmaea;NA;US;Florida;29.8833;-81.8833
1503226965;Asimina pygmaea;NA;US;Florida;29.8889;-82.3326
2234371188;Asimina pygmaea;NA;US;Florida;29.979685;-81.810374
2234370710;Asimina pygmaea;NA;US;Florida;29.979685;-81.810374
4153039967;Asimina pygmaea;NA;US;Florida;29.981774;-81.86232
1503296810;Asimina pygmaea;R. P. Wunderlin;US;Florida;30.1174;-83.5818
1503238884;Asimina pygmaea;NA;US;Florida;30.1758;-81.9436
1457768219;Asimina pygmaea;NA;US;Florida;30.184722;-81.941667
4061868417;Asimina pygmaea;NA;US;Florida;30.25;-82.0967
4061837780;Asimina pygmaea;NA;US;Florida;30.25;-82.0967
4061137803;Asimina pygmaea;NA;US;Florida;30.25;-82.0967
1142079606;Asimina pygmaea;R. Abbott;US;NA;30.25;-82.08333
1142079568;Asimina pygmaea;R. Abbott;US;NA;30.25;-82.08333
1142079547;Asimina pygmaea;R. Abbott;US;NA;30.25;-82.08333
1144565741;Asimina pygmaea;NA;US;NA;30.325;-83.82722
415893912;Asimina pygmaea;NA;US;Florida;30.33194;-81.65583
3747797328;Asimina pygmaea;Allan Hiram Curtiss;US;Florida;30.33194;-81.65583
3829946409;Asimina pygmaea;NA;US;Florida;30.332184;-81.655651
1928204938;Asimina pygmaea;NA;US;Florida;30.334555;-81.724316
1990222117;Asimina pygmaea;NA;US;Florida;30.447233;-83.470416
1503304163;Asimina pygmaea;NA;US;Florida;30.4833;-84.2
1503210867;Asimina pygmaea;NA;US;Florida;30.5;-82.2333
1503212551;Asimina pygmaea;NA;US;Florida;30.5136;-82.2337
4533902462;Asimina pygmaea;NA;US;Florida;30.5335;-81.645333
3710070702;Asimina pygmaea;NA;US;Florida;30.534;-81.645
1457801121;Asimina pygmaea;NA;US;Florida;30.81;-81.933333
1503238743;Asimina pygmaea;NA;US;Florida;30.81;-81.9333
1849176726;Asimina pygmaea;Nelson, John;US;Georgia;30.858333;-81.9625
1849160996;Asimina pygmaea;Nelson, John;US;Georgia;31.890278;-82.43333
122906318;Asimina reticulata;NA;US;Florida;25.609;-80.4987
122905943;Asimina reticulata;NA;US;Florida;25.609;-80.4987
1503246807;Asimina reticulata;NA;US;Florida;25.8684;-81.4892
1927927000;Asimina reticulata;NA;US;Florida;26.042052;-80.170776
122906323;Asimina reticulata;NA;US;Florida;26.0992;-81.381
122906218;Asimina reticulata;NA;US;Florida;26.0992;-81.381
122906024;Asimina reticulata;NA;US;Florida;26.0992;-81.381
122906023;Asimina reticulata;NA;US;Florida;26.0992;-81.381
122905939;Asimina reticulata;NA;US;Florida;26.0992;-81.381
122905798;Asimina reticulata;NA;US;Florida;26.0992;-81.381
122905784;Asimina reticulata;NA;US;Florida;26.0992;-81.381
122905523;Asimina reticulata;NA;US;Florida;26.0992;-81.381
1664965748;Asimina reticulata;J. N. Burch;US;Florida;26.1333;-81.4833
1503241609;Asimina reticulata;NA;US;Florida;26.1333;-81.4833
4439122283;Asimina reticulata;K. Mercier;US;Florida;26.140305;-81.597739
4439068585;Asimina reticulata;K. Mercier;US;Florida;26.140305;-81.597739
1503310033;Asimina reticulata;NA;US;Florida;26.142;-81.7948
1503306471;Asimina reticulata;NA;US;Florida;26.142;-81.7948
1503202638;Asimina reticulata;NA;US;Florida;26.142;-81.7948
3392857390;Asimina reticulata;NA;US;Florida;26.195147;-81.356826
1503306413;Asimina reticulata;NA;US;Florida;26.2109;-81.8068
1503303024;Asimina reticulata;NA;US;Florida;26.2109;-81.8068
1503300436;Asimina reticulata;O. K. Lakela;US;Florida;26.2333;-80.1167
1503239859;Asimina reticulata;NA;US;Florida;26.4069;-81.8286
1503308662;Asimina reticulata;NA;US;Florida;26.4194;-81.4202
1503301467;Asimina reticulata;NA;US;Florida;26.4194;-81.4202
1503300397;Asimina reticulata;D. B. Ward;US;Florida;26.4194;-81.4202
1503299815;Asimina reticulata;O. K. Lakela;US;Florida;26.4194;-81.4202
1503299250;Asimina reticulata;O. K. Lakela;US;Florida;26.4194;-81.4202
2234372063;Asimina reticulata;Long, R. W.;US;Florida;26.423374;-81.49351
1503297636;Asimina reticulata;NA;US;Florida;26.4381;-81.8068
1503274013;Asimina reticulata;NA;US;Florida;26.4381;-81.8068
1503314409;Asimina reticulata;NA;US;Florida;26.4667;-81.55
1503300283;Asimina reticulata;O. K. Lakela;US;Florida;26.4667;-81.55
1503207339;Asimina reticulata;NA;US;Florida;26.4833;-80.1
1503209807;Asimina reticulata;NA;US;Florida;26.4987;-80.1087
4061105475;Asimina reticulata;NA;US;Florida;26.5513;-82.0944
4061837781;Asimina reticulata;NA;US;Florida;26.5593;-82.0962
1257808853;Asimina reticulata;NA;US;Florida;26.559306;-82.096194
153273976;Asimina reticulata;NA;US;Florida;26.6088;-81.4364
122906321;Asimina reticulata;NA;US;Florida;26.6476;-80.4365
122906320;Asimina reticulata;NA;US;Florida;26.6476;-80.4365
122906319;Asimina reticulata;NA;US;Florida;26.6476;-80.4365
122906315;Asimina reticulata;NA;US;Florida;26.6476;-80.4365
122905818;Asimina reticulata;NA;US;Florida;26.6476;-80.4365
122905817;Asimina reticulata;NA;US;Florida;26.6476;-80.4365
122905778;Asimina reticulata;NA;US;Florida;26.6476;-80.4365
1990224086;Asimina reticulata;NA;US;Florida;26.649126;-80.448354
1503292935;Asimina reticulata;O. K. Lakela;US;Florida;26.6515;-80.2767
415893922;Asimina reticulata;NA;US;Florida;26.72868;-80.09994
1503191853;Asimina reticulata;NA;US;Florida;26.7617;-81.4384
122906062;Asimina reticulata;NA;US;Florida;26.8998;-81.9503
1503193982;Asimina reticulata;NA;US;Florida;26.9333;-81.75
1503222533;Asimina reticulata;W. F. Grey;US;Florida;26.9342;-80.0942
1844418240;Asimina reticulata;NA;US;Florida;26.934225;-80.094209
1503297440;Asimina reticulata;D. B. Ward;US;Florida;26.9453;-81.3162
1503307019;Asimina reticulata;NA;US;Florida;26.9456;-81.7606
1503297377;Asimina reticulata;NA;US;Florida;26.9456;-81.7606
1990225727;Asimina reticulata;NA;US;Florida;26.95481;-81.19082
1503260456;Asimina reticulata;NA;US;Florida;26.9975;-81.9806
3747807309;Asimina reticulata;Ronald L McGregor;US;Florida;27.001071;-80.137986
1664964652;Asimina reticulata;A. R. Franck;US;Florida;27.0136;-81.4533
4073788513;Asimina reticulata;NA;US;Florida;27.016667;-80.125
1503257010;Asimina reticulata;NA;US;Florida;27.0333;-82.0339
1928225833;Asimina reticulata;NA;US;Florida;27.067276;-81.35674
122906196;Asimina reticulata;NA;US;Florida;27.0816;-80.3985
122905952;Asimina reticulata;NA;US;Florida;27.0816;-80.3985
122905813;Asimina reticulata;NA;US;Florida;27.0816;-80.3985
122905792;Asimina reticulata;NA;US;Florida;27.0816;-80.3985
123023772;Asimina reticulata;NA;US;Florida;27.0833;-80.4167
122905552;Asimina reticulata;NA;US;Florida;27.0848;-80.1434
1503237852;Asimina reticulata;NA;US;Florida;27.0981;-80.1869
1503195946;Asimina reticulata;NA;US;Florida;27.0998;-82.4543
1503274341;Asimina reticulata;NA;US;Florida;27.1039;-82.2669
1664964640;Asimina reticulata;A. R. Franck;US;Florida;27.1175;-82.3278
1503253439;Asimina reticulata;NA;US;Florida;27.1175;-82.3278
2859432638;Asimina reticulata;NA;US;Florida;27.196163;-82.490375
4031718449;Asimina reticulata;NA;US;Florida;27.233333;-82.333333
1257808723;Asimina reticulata;NA;US;Florida;27.233333;-82.333333
1503241183;Asimina reticulata;NA;US;Florida;27.3;-82.2667
3747803314;Asimina reticulata;Ronald L McGregor;US;Florida;27.322465;-80.973515
1503194868;Asimina reticulata;R. P. Wunderlin;US;Florida;27.3333;-82.15
1503187376;Asimina reticulata;NA;US;Florida;27.3333;-82.15
1503186792;Asimina reticulata;B. F. Hansen;US;Florida;27.3333;-82.15
122906324;Asimina reticulata;NA;US;Florida;27.3434;-81.341
122906051;Asimina reticulata;NA;US;Florida;27.3434;-81.341
1503243460;Asimina reticulata;NA;US;Florida;27.3667;-81.35
122906367;Asimina reticulata;NA;US;Florida;27.3809;-80.4456
122906177;Asimina reticulata;NA;US;Florida;27.3809;-80.4456
1990222133;Asimina reticulata;NA;US;Florida;27.385592;-80.887388
1503191761;Asimina reticulata;NA;US;Florida;27.4;-81.7
122905855;Asimina reticulata;NA;US;Florida;27.4;-81.7
4439087195;Asimina reticulata;K. Mercier;US;Florida;27.468522;-81.516183
1503231785;Asimina reticulata;NA;US;Florida;27.4695;-82.5415
1503241099;Asimina reticulata;NA;US;Florida;27.4833;-82.1833
1503240776;Asimina reticulata;NA;US;Florida;27.4833;-82.1833
1503232178;Asimina reticulata;NA;US;Florida;27.4833;-82.1833
1503228150;Asimina reticulata;NA;US;Florida;27.4964;-82.5395
1503174820;Asimina reticulata;NA;US;Florida;27.4989;-82.5748
1978882971;Asimina reticulata;NA;US;Florida;27.538333;-81.824533
2242386126;Asimina reticulata;NA;US;Florida;27.545499;-80.836458
1503177821;Asimina reticulata;NA;US;Florida;27.5833;-82.1167
1927884757;Asimina reticulata;NA;US;Florida;27.59891;-81.504813
4512863490;Asimina reticulata;NA;US;Florida;27.633333;-81.283333
415941131;Asimina reticulata;NA;US;Florida;27.63555;-81.28444
4134253812;Asimina reticulata;NA;US;Florida;27.635556;-81.284444
4032136661;Asimina reticulata;NA;US;Florida;27.635556;-81.284444
2514961653;Asimina reticulata;NA;ZZ;NA;27.635556;-81.284444
1846496900;Asimina reticulata;NA;US;Florida;27.635556;-81.284444
1457788929;Asimina reticulata;NA;US;Florida;27.635556;-81.284444
1257808881;Asimina reticulata;NA;US;Florida;27.635556;-81.284444
3308146146;Asimina reticulata;NA;US;Florida;27.63556;-81.28444
216030256;Asimina reticulata;NA;US;Florida;27.6356;-81.2844
1503238910;Asimina reticulata;NA;US;Florida;27.6544;-81.7417
1457805996;Asimina reticulata;NA;US;Florida;27.66942;-81.58038
1503258073;Asimina reticulata;NA;US;Florida;27.7459;-81.5306
1503265390;Asimina reticulata;NA;US;Florida;27.75;-82.1333
2859396659;Asimina reticulata;NA;US;Florida;27.752253;-81.801749
1503295682;Asimina reticulata;NA;US;Florida;27.7523;-81.8017
1503295308;Asimina reticulata;NA;US;Florida;27.7523;-81.8017
606654026;Asimina reticulata;NA;US;Florida;27.76777;-80.60138
415893916;Asimina reticulata;NA;US;Florida;27.77055;-82.67944
1457765720;Asimina reticulata;NA;US;Florida;27.784722;-80.523917
1457821856;Asimina reticulata;NA;US;Florida;27.80797;-81.49252
1503177829;Asimina reticulata;R. P. Wunderlin;US;Florida;27.8167;-82.2167
1503233750;Asimina reticulata;NA;US;Florida;27.8175;-82.2226
1503274802;Asimina reticulata;NA;US;Florida;27.8325;-82.3429
4439065666;Asimina reticulata;K. Mercier;US;Florida;27.832537;-80.542287
2859430648;Asimina reticulata;WB;US;Florida;27.835012;-81.905783
1503235412;Asimina reticulata;NA;US;Florida;27.85;-82.1456
1503272836;Asimina reticulata;NA;US;Florida;27.8595;-82.0854
1990225764;Asimina reticulata;NA;US;Florida;27.893154;-82.379991
2234371563;Asimina reticulata;Redfearn, Paul L., Jr.;US;Florida;27.896415;-81.843137
122905837;Asimina reticulata;NA;US;Florida;27.9062;-82.3469
1503188885;Asimina reticulata;NA;US;Florida;27.9167;-82.35
1503291856;Asimina reticulata;NA;US;Florida;27.9475;-82.4584
2859433657;Asimina reticulata;WB;US;Florida;27.947522;-82.458428
2859137688;Asimina reticulata;Kh 1963;US;Florida;27.947522;-82.458428
1503181826;Asimina reticulata;NA;US;Florida;27.9489;-81.6977
122906317;Asimina reticulata;NA;US;Florida;27.9489;-81.6977
2859431650;Asimina reticulata;WB;US;Florida;27.965853;-82.800103
1503182703;Asimina reticulata;NA;US;Florida;27.9838;-82.0695
1503257422;Asimina reticulata;NA;US;Florida;28;-82
1503177474;Asimina reticulata;NA;US;Florida;28;-82
1503242524;Asimina reticulata;NA;US;Florida;28.0092;-80.5811
1503180891;Asimina reticulata;NA;US;Florida;28.0197;-82.7718
1503180797;Asimina reticulata;NA;US;Florida;28.0197;-82.7718
1503231331;Asimina reticulata;NA;US;Florida;28.0333;-82.5667
1503226687;Asimina reticulata;NA;US;Florida;28.0342;-82.6651
1503273710;Asimina reticulata;NA;US;Florida;28.0667;-82.1333
1503273690;Asimina reticulata;NA;US;Florida;28.0667;-82.1333
1503273524;Asimina reticulata;NA;US;Florida;28.0667;-82.1333
1503272286;Asimina reticulata;NA;US;Florida;28.0667;-82.1333
4432934398;Asimina reticulata;undefined;US;Florida;28.102984;-81.406399
3326637302;Asimina reticulata;NA;US;Florida;28.1308;-82.1578
1676085696;Asimina reticulata;NA;US;Florida;28.1375;-82.3894
1503283443;Asimina reticulata;B. F. Hansen;US;Florida;28.1639;-82.6372
1503257692;Asimina reticulata;NA;US;Florida;28.1939;-82.5918
1503257423;Asimina reticulata;B. F. Hansen;US;Florida;28.1939;-82.5918
1503257162;Asimina reticulata;NA;US;Florida;28.1939;-82.5918
1503191923;Asimina reticulata;NA;US;Florida;28.2336;-82.1812
1638473069;Asimina reticulata;C. vanHoek;US;Florida;28.291;-81.407
1503204576;Asimina reticulata;NA;US;Florida;28.291;-81.407
1503259608;Asimina reticulata;NA;US;Florida;28.2939;-82.0397
1503275506;Asimina reticulata;NA;US;Florida;28.2956;-80.7083
1503286846;Asimina reticulata;O. K. Lakela;US;Florida;28.3067;-82.4389
1503182328;Asimina reticulata;NA;US;Florida;28.3247;-82.337
1929635413;Asimina reticulata;D. E. Atha;US;Florida;28.33;-81.55
1503170617;Asimina reticulata;NA;US;Florida;28.35;-81.8167
4439088163;Asimina reticulata;K. Mercier;US;Florida;28.35865;-81.20548
1503274705;Asimina reticulata;NA;US;Florida;28.3608;-81.2689
1503195755;Asimina reticulata;NA;US;Florida;28.3953;-81.5031
3707727161;Asimina reticulata;NA;US;Florida;28.421631;-80.963943
1457782810;Asimina reticulata;NA;US;Florida;28.478589;-81.177756
122905926;Asimina reticulata;NA;US;Florida;28.5144;-81.3235
1503231307;Asimina reticulata;NA;US;Florida;28.5333;-82.45
1457760778;Asimina reticulata;NA;US;Florida;28.546;-81.699028
4061137804;Asimina reticulata;NA;US;Florida;28.546;-81.699
4061111371;Asimina reticulata;NA;US;Florida;28.546;-81.699
1503311701;Asimina reticulata;NA;US;Florida;28.5553;-82.3879
1503215652;Asimina reticulata;R. P. Wunderlin;US;Florida;28.6103;-81.2887
1503254826;Asimina reticulata;NA;US;Florida;28.6333;-82.15
1503310596;Asimina reticulata;NA;US;Florida;28.665;-82.1129
1503310568;Asimina reticulata;NA;US;Florida;28.665;-82.1129
1503310430;Asimina reticulata;NA;US;Florida;28.665;-82.1129
1503304934;Asimina reticulata;NA;US;Florida;28.665;-82.1129
1503216619;Asimina reticulata;R. P. Wunderlin;US;Florida;28.67;-81.2081
1503169031;Asimina reticulata;NA;US;Florida;28.7;-82.5667
1990222169;Asimina reticulata;NA;US;Florida;28.715275;-82.069876
1990222099;Asimina reticulata;NA;US;Florida;28.715275;-82.069876
1990222051;Asimina reticulata;NA;US;Florida;28.715275;-82.069876
4061107723;Asimina reticulata;NA;US;Florida;28.8993;-82.5246
1503210304;Asimina reticulata;NA;US;Florida;28.9658;-81.6487
1503242973;Asimina reticulata;NA;US;Florida;28.9667;-82.1167
4061111212;Asimina reticulata;NA;US;Florida;29.011;-81.0833
4061868418;Asimina reticulata;NA;US;Florida;29.0142;-80.9959
1503242621;Asimina reticulata;NA;US;Florida;29.0542;-82.4706
122905883;Asimina reticulata;NA;US;Florida;29.0635;-81.1486
3829946403;Asimina reticulata;NA;US;Florida;29.093326;-82.63579
1503300971;Asimina reticulata;NA;US;Florida;29.1022;-82.6315
415944930;Asimina reticulata;NA;US;Florida;29.13833;-80.99555
1257515856;Asimina reticulata;K.M. Meyer (MO);US;Florida;29.153556;-81.923
1503262721;Asimina reticulata;NA;US;Florida;29.1536;-81.9231
4153126567;Asimina reticulata;NA;US;Florida;29.153611;-81.923056
1457809883;Asimina reticulata;NA;US;Florida;29.153611;-81.923056
4061131405;Asimina reticulata;J. Richard Abbott;US;Florida;29.1593;-82.6373
3053456326;Asimina reticulata;NA;US;Florida;29.1872;-82.1401
3053342451;Asimina reticulata;NA;US;Florida;29.1872;-82.1401
2867215301;Asimina reticulata;C. vanHoek;US;Florida;29.1872;-82.1401
1457765497;Asimina reticulata;NA;US;Florida;29.21515;-82.030383
1930217123;Asimina reticulata;NA;US;Florida;29.351084;-81.735081
1457771999;Asimina reticulata;NA;US;Florida;29.366667;-82.716667
4061817569;Asimina reticulata;NA;US;Florida;29.3667;-82.7167
1503310375;Asimina reticulata;NA;US;Florida;29.4;-82.1
4023034219;Asimina reticulata;NA;US;Florida;29.593896;-81.732039
4023034218;Asimina reticulata;NA;US;Florida;29.593896;-81.732039
4023034187;Asimina reticulata;NA;US;Florida;29.593896;-81.732039
1503291919;Asimina reticulata;NA;US;Florida;29.7333;-82.9833
1503227675;Asimina reticulata;NA;US;Florida;29.8889;-82.3326
1503257610;Asimina spatulata;B. F. Hansen;US;Florida;29.5994;-82.9686
4153092102;Asimina spatulata;NA;US;Florida;29.890147;-84.799665
4153062578;Asimina spatulata;NA;US;Florida;29.890147;-84.799665
4153090699;Asimina spatulata;NA;US;Florida;29.916667;-84.967778
4153093175;Asimina spatulata;NA;US;Florida;29.92093;-84.51469
4153089668;Asimina spatulata;NA;US;Florida;29.92093;-84.51469
1503238898;Asimina spatulata;B. F. Hansen;US;Florida;30.1047;-84.6686
3710224303;Asimina spatulata;NA;US;Florida;30.1183;-84.9642
1503278822;Asimina spatulata;NA;US;Florida;30.1997;-84.9106
1503263033;Asimina spatulata;NA;US;Florida;30.3501;-83.0492
1457795712;Asimina spatulata;NA;US;Florida;30.35015;-83.0492
2284365475;Asimina spatulata;Strong, Mark T., (BOT), Smithsonian Institution - National Museum of Natural History (UNITED STATES);US;Florida;30.3578;-84.2847
1503263099;Asimina spatulata;NA;US;Florida;30.3695;-83.2435
1457794746;Asimina spatulata;NA;US;Florida;30.36953;-83.24355
1503278789;Asimina spatulata;NA;US;Florida;30.3739;-84.0867
1503263372;Asimina spatulata;NA;US;Florida;30.3833;-82.95
1503263345;Asimina spatulata;NA;US;Florida;30.3833;-82.95
1503271316;Asimina spatulata;NA;US;Florida;30.4011;-84.4122
1503263340;Asimina spatulata;NA;US;Florida;30.4477;-83.7298
1457817503;Asimina spatulata;NA;US;Florida;30.44774;-83.72978
1503286801;Asimina spatulata;B. F. Hansen;US;Florida;30.4694;-83.4129
1503285221;Asimina spatulata;B. F. Hansen;US;Florida;30.4694;-83.4129
1503198160;Asimina spatulata;B. F. Hansen;US;Florida;30.4694;-83.4129
1503198110;Asimina spatulata;B. F. Hansen;US;Florida;30.4694;-83.4129
4153104161;Asimina spatulata;NA;US;Florida;30.47071;-84.61244
1503263354;Asimina spatulata;NA;US;Florida;30.4918;-84.4238
1457831115;Asimina spatulata;NA;US;Florida;30.49185;-84.42383
1457788868;Asimina spatulata;NA;US;Florida;30.49768;-84.44086
1503198191;Asimina spatulata;B. F. Hansen;US;Florida;30.5;-82.9333
1503198163;Asimina spatulata;B. F. Hansen;US;Florida;30.5;-82.9333
1503250403;Asimina spatulata;B. F. Hansen;US;Florida;30.5508;-85.2275
4153120973;Asimina spatulata;NA;US;Florida;30.572702;-83.931766
4153039282;Asimina spatulata;NA;US;Florida;30.572702;-83.931766
1503263370;Asimina spatulata;NA;US;Florida;30.5871;-84.5832
1503263073;Asimina spatulata;NA;US;Florida;30.5871;-84.5832
4153044510;Asimina spatulata;NA;US;Florida;30.59038;-85.27885
1503263339;Asimina spatulata;NA;US;Florida;30.7177;-85.1366
2302271844;Asimina spatulata;B. F. Hansen;US;Florida;30.7744;-85.2269
1503310403;Asimina spatulata;B. F. Hansen;US;Florida;30.7833;-85.1667
1503263352;Asimina spatulata;NA;US;Florida;30.7919;-85.6797
4153075639;Asimina spatulata;NA;US;Florida;30.795806;-85.215887
4153073826;Asimina spatulata;NA;US;Florida;30.795806;-85.215887
1503310543;Asimina spatulata;B. F. Hansen;US;Florida;30.7971;-85.3766
2234372087;Asimina spatulata;NA;US;Georgia;30.836582;-83.978781
1503263353;Asimina spatulata;NA;US;Florida;30.9167;-86.6333
1503263374;Asimina spatulata;NA;US;Florida;30.9246;-86.6366
1503263342;Asimina spatulata;NA;US;Florida;30.9246;-86.6366
2234373337;Asimina spatulata;NA;US;Alabama;31.032957;-85.863824
3766333001;Asimina spatulata;NA;US;Alabama;31.142754;-86.185981
2234372547;Asimina spatulata;NA;US;Alabama;31.192541;-85.306028
4153115707;Asimina tetramera;NA;US;Florida;26.646101;-80.468232
122906100;Asimina tetramera;NA;US;Florida;26.6476;-80.4365
122905938;Asimina tetramera;NA;US;Florida;26.6476;-80.4365
122906188;Asimina tetramera;NA;US;Florida;27.0816;-80.3985
122905797;Asimina tetramera;NA;US;Florida;27.0816;-80.3985
122905793;Asimina tetramera;NA;US;Florida;27.0816;-80.3985
4153130390;Asimina tetramera;NA;US;Florida;27.234267;-80.246794
4153124258;Asimina tetramera;NA;US;Florida;27.234267;-80.246794
4153119926;Asimina tetramera;NA;US;Florida;27.234267;-80.246794
4153113384;Asimina tetramera;NA;US;Florida;27.234267;-80.246794
4153106753;Asimina tetramera;NA;US;Florida;27.234267;-80.246794
4153100846;Asimina tetramera;NA;US;Florida;27.234267;-80.246794
4153063375;Asimina tetramera;NA;US;Florida;27.234267;-80.246794
4153044459;Asimina tetramera;NA;US;Florida;27.234267;-80.246794
122906350;Asimina triloba;NA;US;Florida;30.2376;-85.6326
4153124935;Asimina triloba;NA;US;Florida;30.44503;-85.19307
4153128118;Asimina triloba;NA;US;Florida;30.44508;-85.19391
1503268501;Asimina triloba;NA;US;Florida;30.4451;-85.1939
122905975;Asimina triloba;NA;US;Florida;30.5795;-84.6136
4153049626;Asimina triloba;NA;US;Florida;30.579745;-84.613534
4153044299;Asimina triloba;NA;US;Florida;30.579745;-84.613534
122906372;Asimina triloba;NA;US;Florida;30.6185;-86.1715
122905902;Asimina triloba;NA;US;Florida;30.6185;-86.1715
1503310650;Asimina triloba;NA;US;Florida;30.7744;-85.2269
1990222192;Asimina triloba;NA;US;Florida;30.789249;-85.208814
1990222188;Asimina triloba;NA;US;Florida;30.789249;-85.208814
1269678845;Asimina triloba;NA;US;Louisiana;30.791;-91.258
122905914;Asimina triloba;NA;US;Florida;30.7954;-85.2155
4153045638;Asimina triloba;NA;US;Florida;30.795806;-85.215887
4061817570;Asimina triloba;NA;US;Florida;30.8101;-85.227
1269649726;Asimina triloba;NA;US;Louisiana;30.833;-91.5
1846526463;Asimina triloba;NA;US;Louisiana;31.015773;-92.387088
1269692084;Asimina triloba;NA;US;Georgia;31.083;-84.333
4088569672;Asimina triloba;NA;US;Mississippi;31.093847;-91.167584
3925866184;Asimina triloba;NA;US;Mississippi;31.158333;-90.841667
3744682915;Asimina triloba;NA;US;Alabama;31.22;-85.36
3707748052;Asimina triloba;NA;US;Mississippi;31.337;-90.978
3707748041;Asimina triloba;NA;US;Mississippi;31.41089;-91.2266
3707734756;Asimina triloba;NA;US;Mississippi;31.41089;-91.2266
3707735065;Asimina triloba;NA;US;Mississippi;31.4248;-90.9874
2234370746;Asimina triloba;NA;US;Texas;31.463056;-93.948611
2807379709;Asimina triloba;Simpson, Beryl B.;US;Texas;31.46306;-93.94861
2807386901;Asimina triloba;Simpson, Beryl B.;US;Texas;31.47833;-93.9925
2807192101;Asimina triloba;Turner, Billie Lee;US;Texas;31.52056;-93.92833
2807319458;Asimina triloba;Turner, Billie Lee;US;Texas;31.53333;-94.00972
3969548996;Asimina triloba;NA;US;Texas;31.533333;-94.009722
4433572180;Asimina triloba;NA;US;Mississippi;31.666472;-91.151444
3707730773;Asimina triloba;NA;US;Mississippi;31.979333;-90.200306
1258857973;Asimina triloba;NA;US;Louisiana;32;-92.88333
3707755661;Asimina triloba;NA;US;Mississippi;32.0089;-91.0317
3892755311;Asimina triloba;Marx, Paul;US;Louisiana;32.025515;-92.021133
3766332777;Asimina triloba;NA;US;Alabama;32.067665;-85.300003
3744682935;Asimina triloba;Ross C. Clark;US;Alabama;32.18;-85.16
3707758819;Asimina triloba;NA;US;Mississippi;32.1868;-89.3385
3344428591;Asimina triloba;Payne, D.;US;South Carolina;32.235833;-80.943056
4433571562;Asimina triloba;NA;US;Mississippi;32.2571;-89.9387
3707731435;Asimina triloba;NA;US;Mississippi;32.260833;-88.875278
3469952128;Asimina triloba;NA;US;Louisiana;32.263417;-92.943056
3344428588;Asimina triloba;Payne, D.;US;South Carolina;32.268889;-80.911111
3344428584;Asimina triloba;Payne, D.;US;South Carolina;32.2695;-80.910556
4015890677;Asimina triloba;NA;US;Louisiana;32.287809;-92.29562
2859385159;Asimina triloba;Donald G. Rhodes;US;Louisiana;32.356812;-93.031977
1269649752;Asimina triloba;NA;US;Louisiana;32.366;-93.016
1269649697;Asimina triloba;NA;US;Louisiana;32.366;-93.016
1258857970;Asimina triloba;NA;US;Louisiana;32.36666;-93.01666
3707740499;Asimina triloba;NA;US;Mississippi;32.42806;-90.7286
2859389123;Asimina triloba;NA;US;Louisiana;32.451834;-91.474819
2807379802;Asimina triloba;Simpson, Beryl B.;US;Texas;32.45247;-94.476976
2464657139;Asimina triloba;NA;US;Texas;32.45247;-94.476976
3829929174;Asimina triloba;NA;US;Mississippi;32.47352;-88.80006
1990222110;Asimina triloba;NA;US;Louisiana;32.480932;-92.151581
3709828291;Asimina triloba;NA;US;Georgia;32.491742;-83.54185
3709828033;Asimina triloba;NA;US;Georgia;32.506322;-83.557844
3709949889;Asimina triloba;NA;US;Georgia;32.506753;-83.557158
3709964354;Asimina triloba;NA;US;Georgia;32.513622;-83.470661
1990218458;Asimina triloba;NA;US;Georgia;32.554667;-84.251426
3709963229;Asimina triloba;NA;US;Georgia;32.574639;-83.478436
3709806857;Asimina triloba;NA;US;Georgia;32.604408;-83.460694
1258858804;Asimina triloba;NA;US;Louisiana;32.61666;-92.85
2807493801;Asimina triloba;Turner, Billie Lee;US;Texas;32.6925;-94.17417
1931107788;Asimina triloba;D. E. Atha;US;Texas;32.707575;-94.134958
3744683126;Asimina triloba;NA;US;Alabama;32.78;-87.83
3744683125;Asimina triloba;Joab L. Thomas;US;Alabama;32.78;-87.83
1899881379;Asimina triloba;NA;US;Alabama;32.926057;-87.418749
3498231597;Asimina triloba;Eran S. Kilpatrick;US;South Carolina;32.95311;-81.02563
3707746210;Asimina triloba;NA;US;Mississippi;32.976;-89.4
3744682940;Asimina triloba;R. Kral;US;Alabama;32.98;-85.86
2234371440;Asimina triloba;NA;US;Alabama;32.986262;-85.860681
3829948477;Asimina triloba;NA;US;Alabama;33.007933;-87.0035
3829946679;Asimina triloba;NA;US;Alabama;33.030667;-87.031333
3707739048;Asimina triloba;NA;US;Mississippi;33.044898;-90.998137
3744683116;Asimina triloba;NA;US;Alabama;33.08;-87
3829946720;Asimina triloba;NA;US;Mississippi;33.181653;-89.055
3707737076;Asimina triloba;NA;US;Mississippi;33.1839;-89.0079
3707765296;Asimina triloba;NA;US;Mississippi;33.2074;-89.0984
3707748188;Asimina triloba;NA;US;Mississippi;33.2074;-89.0984
2234373481;Asimina triloba;NA;US;Georgia;33.22598;-81.823448
2234371385;Asimina triloba;NA;US;Georgia;33.22598;-81.823448
3829946666;Asimina triloba;NA;US;Mississippi;33.284013;-88.899484
3829915408;Asimina triloba;NA;US;Mississippi;33.313333;-88.849833
1849105896;Asimina triloba;Ravenel, H.;US;South Carolina;33.31768;-80.05511
3498204394;Asimina triloba;Damrel, D. Z.;US;South Carolina;33.318056;-81.8675
3344467375;Asimina triloba;Damrel, D.Z.;US;South Carolina;33.318056;-81.8675
3829946719;Asimina triloba;NA;US;Mississippi;33.318913;-88.810554
3498204405;Asimina triloba;Damrel, D.Z.;US;South Carolina;33.333333;-81.866389
3344428530;Asimina triloba;Damrel, D.Z.;US;South Carolina;33.333333;-81.866389
3829915768;Asimina triloba;NA;US;Mississippi;33.341631;-88.869102
3707763439;Asimina triloba;NA;US;Mississippi;33.357167;-89.3365
3829946717;Asimina triloba;NA;US;Mississippi;33.403737;-88.816084
3829946653;Asimina triloba;NA;US;Mississippi;33.41611;-88.71417
2464662890;Asimina triloba;NA;US;Texas;33.44518;-94.074467
3829946655;Asimina triloba;NA;US;Mississippi;33.45028;-88.81833
3829919257;Asimina triloba;NA;US;Mississippi;33.45028;-88.81833
4071102394;Asimina triloba;NA;US;South Carolina;33.45619;-80.13711
3707733690;Asimina triloba;NA;US;Mississippi;33.4592;-88.7457
3925878952;Asimina triloba;NA;US;Mississippi;33.5069;-88.831
3707732731;Asimina triloba;NA;US;Mississippi;33.5069;-88.831
1849095562;Asimina triloba;Menkus, N.;US;South Carolina;33.513547;-80.48361
3707767668;Asimina triloba;NA;US;Mississippi;33.51439;-89.25387
3925866258;Asimina triloba;NA;US;Mississippi;33.553567;-89.777074
3707765313;Asimina triloba;NA;US;Mississippi;33.5616;-91.1503
2464686462;Asimina triloba;NA;US;Arkansas;33.574547;-92.851152
2234373591;Asimina triloba;Radford, A. E.;US;South Carolina;33.584388;-80.540246
2464688630;Asimina triloba;NA;US;Arkansas;33.60392;-92.007708
2464671004;Asimina triloba;NA;US;Arkansas;33.612456;-93.813688
2464657030;Asimina triloba;NA;US;Arkansas;33.612456;-93.813688
2464656196;Asimina triloba;NA;US;Arkansas;33.612456;-93.813688
2464690697;Asimina triloba;NA;US;Arkansas;33.675293;-94.128296
4088569683;Asimina triloba;NA;US;Mississippi;33.684636;-89.672206
3707721753;Asimina triloba;NA;US;Mississippi;33.6972;-89.67341
1849092566;Asimina triloba;Horn, Charles;US;South Carolina;33.725;-82.183333
3707726644;Asimina triloba;NA;US;Mississippi;33.7335;-89.7609
3925866183;Asimina triloba;NA;US;Mississippi;33.74584;-89.477126
3925866180;Asimina triloba;NA;US;Mississippi;33.765;-89.476
3969883519;Asimina triloba;NA;US;Texas;33.772608;-94.936636
3925829634;Asimina triloba;NA;US;Mississippi;33.786111;-88.849444
3925866163;Asimina triloba;NA;US;Mississippi;33.792129;-89.457534
3709843931;Asimina triloba;NA;US;Georgia;33.801356;-84.153604
1990220025;Asimina triloba;NA;US;Georgia;33.807037;-84.148405
3707726612;Asimina triloba;NA;US;Mississippi;33.8086;-89.7832
3710036173;Asimina triloba;NA;US;South Carolina;33.809459;-80.866231
1929703067;Asimina triloba;J. B. Nelson;US;South Carolina;33.82;-80.93
3059704783;Asimina triloba;NA;US;South Carolina;33.829464;-80.942258
2234371707;Asimina triloba;Adams, J. E.;US;South Carolina;33.838978;-82.109307
3925866186;Asimina triloba;NA;US;Mississippi;33.840883;-89.311461
3707724719;Asimina triloba;NA;US;Mississippi;33.8451;-89.677
3707766556;Asimina triloba;NA;US;Mississippi;33.87;-89.667
3707725486;Asimina triloba;NA;US;Mississippi;33.87;-89.667
3744683120;Asimina triloba;NA;US;Alabama;33.87;-86.56
3925866185;Asimina triloba;NA;US;Mississippi;33.880283;-89.139127
3925866182;Asimina triloba;NA;US;Mississippi;33.886442;-89.247454
3695162548;Asimina triloba;Seth Barnes;US;Arkansas;33.928126;-91.786497
3744679349;Asimina triloba;NA;US;South Carolina;33.93;-78.65
3925833592;Asimina triloba;NA;US;Mississippi;33.9327;-89.0137
3707751637;Asimina triloba;NA;US;Mississippi;33.9327;-89.0137
3925826080;Asimina triloba;NA;US;Mississippi;33.93278;-89.01367
2234373459;Asimina triloba;Adams, J. E.;US;South Carolina;33.951342;-81.030209
2464653037;Asimina triloba;NA;US;Oklahoma;33.953081;-94.832585
3925844378;Asimina triloba;NA;US;Mississippi;33.9589;-89.0155
3744682936;Asimina triloba;NA;US;Alabama;33.97;-86.18
2234351725;Asimina triloba;Baker;US;South Carolina;33.985702;-81.048198
3829946673;Asimina triloba;NA;US;Mississippi;33.99194;-89.34889
3829946670;Asimina triloba;NA;US;Mississippi;33.99194;-89.34889
3744682917;Asimina triloba;Ross C. Clark;US;Alabama;34.01;-88.05
3744682941;Asimina triloba;NA;US;Alabama;34.01;-86.78
4404892312;Asimina triloba;NA;US;Georgia;34.027181;-82.767344
1849119668;Asimina triloba;Nelson, John;US;South Carolina;34.0547;-82.3458
3344428545;Asimina triloba;Douglass, C.C.;US;South Carolina;34.058333;-82.62
2859150699;Asimina triloba;J. E. Adams;US;South Carolina;34.061555;-82.632852
1990218229;Asimina triloba;NA;US;Alabama;34.069515;-85.654242
1990224085;Asimina triloba;NA;US;Georgia;34.116415;-82.841892
3435792086;Asimina triloba;Theo Witsell;US;Arkansas;34.11924;-93.02694
3747791328;Asimina triloba;Delzie Demaree;US;Arkansas;34.11928;-94.01658
3344428544;Asimina triloba;Douglass, C.C.;US;South Carolina;34.120833;-82.626667
1849092593;Asimina triloba;Horn, Charles;US;South Carolina;34.1479;-81.82355
2234371616;Asimina triloba;Adams, J. E.;US;South Carolina;34.166516;-81.882901
2234372316;Asimina triloba;NA;US;South Carolina;34.175414;-81.862109
3344428546;Asimina triloba;Douglass, C.C.;US;South Carolina;34.186944;-82.7025
3707766572;Asimina triloba;NA;US;Mississippi;34.2295;-89.6149
3707725394;Asimina triloba;NA;US;Mississippi;34.2295;-89.6149
3744715852;Asimina triloba;NA;US;Mississippi;34.23;-87.33
3707726196;Asimina triloba;NA;US;Mississippi;34.23972;-88.8097
1990223972;Asimina triloba;NA;US;Georgia;34.240917;-84.838188
3710072603;Asimina triloba;NA;US;Georgia;34.242724;-84.568199
1990223963;Asimina triloba;NA;US;Georgia;34.244317;-84.475057
1849161852;Asimina triloba;Nelson, John;US;South Carolina;34.253803;-81.234056
3744682975;Asimina triloba;Ross C. Clark;US;Alabama;34.28;-87.39
3744682944;Asimina triloba;NA;US;Alabama;34.28;-87.39
3695162838;Asimina triloba;Alta Butcher;US;Arkansas;34.289677;-91.335333
3695162748;Asimina triloba;Eric Sundell;US;Arkansas;34.289677;-91.335333
3969686658;Asimina triloba;NA;US;Oklahoma;34.309309;-94.68029
2234371530;Asimina triloba;Kral, Robert;US;South Carolina;34.315887;-79.710661
3744682924;Asimina triloba;NA;US;Alabama;34.33;-87.46
3744682922;Asimina triloba;NA;US;Alabama;34.33;-87.44
3707725221;Asimina triloba;NA;US;Mississippi;34.346;-90.083
3707725035;Asimina triloba;NA;US;Mississippi;34.355;-90.077
3744682930;Asimina triloba;NA;US;Alabama;34.37;-87.24
3747807318;Asimina triloba;Delzie Demaree;US;Arkansas;34.3911;-94.010608
1849093157;Asimina triloba;Bradley, Keith;US;South Carolina;34.408083;-81.826444
2234371467;Asimina triloba;Adams, J. E.;US;South Carolina;34.42493;-80.324822
2234373352;Asimina triloba;Clark, Ross C.;US;Alabama;34.440926;-86.597215
2464654553;Asimina triloba;NA;US;Arkansas;34.445215;-92.872426
2234371718;Asimina triloba;Kral, Robert;US;Arkansas;34.458919;-93.683008
2234372908;Asimina triloba;Horn, Charles N.;US;North Carolina;34.459663;-77.849065
3707722967;Asimina triloba;NA;US;Mississippi;34.4614;-88.8725
3707733048;Asimina triloba;NA;US;Mississippi;34.469282;-88.36645
1849101142;Asimina triloba;Brown, Herrick;US;South Carolina;34.4738;-80.859338
3827673863;Asimina triloba;NA;US;Mississippi;34.484443;-88.356596
3707754449;Asimina triloba;NA;US;Mississippi;34.510944;-88.923694
2234372653;Asimina triloba;Adams, J. E.;US;South Carolina;34.522743;-79.827177
3766332787;Asimina triloba;NA;US;Alabama;34.54262;-86.95614
3925866255;Asimina triloba;NA;US;Mississippi;34.542826;-89.49189
3766332784;Asimina triloba;NA;US;Alabama;34.54684;-86.85154
1503283372;Asimina triloba;NA;US;South Carolina;34.5472;-81.9058
3766332782;Asimina triloba;NA;US;Alabama;34.54914;-86.873331
2562762100;Asimina triloba;Steve Stephens;US;Oklahoma;34.55578;-94.68539
3969688577;Asimina triloba;NA;US;Oklahoma;34.561559;-94.642584
2464701815;Asimina triloba;NA;US;Arkansas;34.573584;-92.574468
3435791657;Asimina triloba;Theo Witsell;US;Arkansas;34.57926;-92.26047
1849092807;Asimina triloba;Horn, Charles;US;South Carolina;34.590333;-81.690567
3897111099;Asimina triloba;NA;US;Arkansas;34.59709;-90.635358
1849094334;Asimina triloba;Horn, Charles;US;South Carolina;34.597778;-81.629444
3698767748;Asimina triloba;Celia Ison;US;Arkansas;34.601942;-90.639464
4102424737;Asimina triloba;R. Kral;US;Oklahoma;34.602213;-94.460398
2234371250;Asimina triloba;Adams, J. E.;US;South Carolina;34.611192;-79.500704
3698767747;Asimina triloba;Celia Ison;US;Arkansas;34.615485;-90.620682
3695162554;Asimina triloba;Celia Ison;US;Arkansas;34.615485;-90.620682
3435791648;Asimina triloba;Theo Witsell;US;Arkansas;34.64149;-92.84022
1990223990;Asimina triloba;NA;US;Georgia;34.644182;-83.743
2234372062;Asimina triloba;NA;US;South Carolina;34.651379;-80.516808
2234565571;Asimina triloba;Floyd,Danielle;US;Georgia;34.66078;-84.95881
3899130384;Asimina triloba;NA;US;Mississippi;34.66758;-89.46704
2464657868;Asimina triloba;NA;US;Oklahoma;34.671326;-94.762871
3707722969;Asimina triloba;NA;US;Mississippi;34.6889;-90.1893
2464684234;Asimina triloba;NA;US;Arkansas;34.693764;-94.4469
2234371032;Asimina triloba;Adams, J. E.;US;South Carolina;34.698503;-79.873097
3344430864;Asimina triloba;Damrel, D.Z.;US;South Carolina;34.707778;-82.85
3897111104;Asimina triloba;NA;US;Arkansas;34.70931;-90.708458
3344422199;Asimina triloba;Damrel, D.Z.;US;South Carolina;34.710417;-82.8425
2234373378;Asimina triloba;Davis, James R.;US;Arkansas;34.721719;-90.688153
3344430856;Asimina triloba;Damrel, D.Z.;US;South Carolina;34.724167;-82.816944
3744683122;Asimina triloba;NA;US;Alabama;34.73;-87.75
2234370520;Asimina triloba;Horn, Charles N.;US;North Carolina;34.733224;-78.790021
2234371383;Asimina triloba;Horn, Charles N.;US;North Carolina;34.749841;-78.790971
3344430857;Asimina triloba;Case, B.;US;South Carolina;34.754722;-82.888056
2234370975;Asimina triloba;Adams, J. E.;US;South Carolina;34.763463;-80.755734
1144559533;Asimina triloba;CAT.HERB.PRODR. (2008);US;NA;34.76667;-80.76667
3695150261;Asimina triloba;James H. Peck;US;Arkansas;34.768511;-92.570194
3695150258;Asimina triloba;A. R. Sessions;US;Arkansas;34.794492;-92.527624
3695150280;Asimina triloba;Theo Witsell;US;Arkansas;34.834559;-92.539375
3695150242;Asimina triloba;Jimmy Sikes;US;Arkansas;34.838714;-92.490976
3744683599;Asimina triloba;NA;US;South Carolina;34.85;-80.66
1990215495;Asimina triloba;NA;US;Arkansas;34.858869;-94.063641
3695162754;Asimina triloba;Donald E. Culwell;US;Arkansas;34.900604;-92.290739
3435796426;Asimina triloba;Virginia L. McDaniel;US;Arkansas;34.91593;-93.05716
2234373090;Asimina triloba;Kral, Robert;US;Georgia;34.950516;-83.16349
122905614;Asimina triloba;NA;US;North Carolina;34.9815;-80.7234
2562897005;Asimina triloba;NA;US;Mississippi;34.982533;-88.19805
3925866168;Asimina triloba;NA;US;Mississippi;34.9831;-90.1375
3344447717;Asimina triloba;NA;US;South Carolina;34.986167;-82.838417
3925866169;Asimina triloba;NA;US;Mississippi;34.989269;-90.13213
4023034211;Asimina triloba;NA;US;North Carolina;34.998362;-80.102569
1990225709;Asimina triloba;NA;US;North Carolina;34.998362;-80.102569
2234372415;Asimina triloba;Adams, J. E.;US;South Carolina;35.017791;-82.703618
2273385438;Asimina triloba;NA;US;North Carolina;35.030406;-83.368832
3698767675;Asimina triloba;Jon L. Boyles;US;Arkansas;35.035805;-91.964068
2234371144;Asimina triloba;Adams, J. E.;US;South Carolina;35.077102;-82.80888
1990218221;Asimina triloba;NA;US;North Carolina;35.135262;-82.942868
3897111182;Asimina triloba;NA;US;Arkansas;35.165762;-90.716941
3747807333;Asimina triloba;J E Adams;US;North Carolina;35.18074;-80.30756
4061702058;Asimina triloba;NA;US;Tennessee;35.204686;-89.954195
2234372453;Asimina triloba;Horn, Charles N.;US;North Carolina;35.20817;-82.238448
2234371652;Asimina triloba;Horn, Charles N.;US;North Carolina;35.20817;-82.238448
2234372126;Asimina triloba;Horn, Charles N.;US;North Carolina;35.215276;-81.215626
2234372674;Asimina triloba;Horn, Charles N.;US;North Carolina;35.220443;-81.214059
3747785305;Asimina triloba;Daniel L Marsh;US;Arkansas;35.220536;-93.253052
1844416996;Asimina triloba;NA;US;North Carolina;35.222684;-81.87272
2234371321;Asimina triloba;Horn, Charles N.;US;North Carolina;35.228447;-82.234559
2234371848;Asimina triloba;Horn, Charles N.;US;North Carolina;35.238774;-77.884149
3747785333;Asimina triloba;Rahmona A Thompson;US;Arkansas;35.257525;-94.271954
2234372742;Asimina triloba;Horn, Charles N.;US;North Carolina;35.2598;-82.327783
2273387186;Asimina triloba;NA;US;North Carolina;35.271228;-82.441508
3897107393;Asimina triloba;NA;US;Arkansas;35.276684;-92.479646
1990212585;Asimina triloba;NA;US;North Carolina;35.277548;-77.591312
1990212539;Asimina triloba;NA;US;North Carolina;35.277548;-77.591312
1990218228;Asimina triloba;NA;US;North Carolina;35.288616;-82.179587
1990218227;Asimina triloba;NA;US;North Carolina;35.288616;-82.179587
1990215753;Asimina triloba;NA;US;North Carolina;35.288616;-82.179587
3698783156;Asimina triloba;NA;US;Arkansas;35.304336;-93.166051
3698783120;Asimina triloba;NA;US;Arkansas;35.30447;-93.16584
2234372029;Asimina triloba;Horn, Charles N.;US;North Carolina;35.324331;-76.857437
890174141;Asimina triloba;NA;US;NA;35.336389;-81.064167
2273385925;Asimina triloba;NA;US;North Carolina;35.357038;-83.562664
2234370644;Asimina triloba;Horn, Charles N.;US;North Carolina;35.365747;-80.081967
1844417571;Asimina triloba;NA;US;North Carolina;35.369288;-81.956772
3470664532;Asimina triloba;NA;US;North Carolina;35.397258;-78.766086
3470667046;Asimina triloba;NA;US;North Carolina;35.39754;-78.76663
3470668919;Asimina triloba;Wilson, Caroline E.;US;North Carolina;35.397592;-78.766483
3897111183;Asimina triloba;NA;US;Arkansas;35.398455;-90.678518
3470664529;Asimina triloba;NA;US;North Carolina;35.39885;-78.762922
3470664537;Asimina triloba;NA;US;North Carolina;35.401394;-78.771033
2273384475;Asimina triloba;NA;US;North Carolina;35.440824;-82.295019
2234371476;Asimina triloba;Horn, Charles N.;US;North Carolina;35.440824;-82.295019
2234373088;Asimina triloba;Horn, Charles N.;US;North Carolina;35.443082;-81.109071
2234637820;Asimina triloba;Horn, Charles N.;US;North Carolina;35.452949;-83.950651
2234372004;Asimina triloba;Horn, Charles N.;US;North Carolina;35.466915;-79.381755
2234371201;Asimina triloba;Horn, Charles N.;US;North Carolina;35.469485;-80.381044
1990217305;Asimina triloba;NA;US;North Carolina;35.478436;-76.845567
1990225801;Asimina triloba;NA;US;North Carolina;35.487048;-83.505243
2234372475;Asimina triloba;Horn, Charles N.;US;North Carolina;35.510811;-80.346076
2234372838;Asimina triloba;Horn, Charles N.;US;North Carolina;35.5274;-80.81355
3897113415;Asimina triloba;NA;US;Arkansas;35.535474;-90.722926
1927843288;Asimina triloba;D. E. Atha;US;Tennessee;35.542611;-88.006092
1927822561;Asimina triloba;D. E. Atha;US;North Carolina;35.544992;-79.2528
2234371023;Asimina triloba;Horn, Charles N.;US;North Carolina;35.557297;-79.243612
3460990316;Asimina triloba;Jennifer Reed;US;Arkansas;35.57906;-90.66116
2859433309;Asimina triloba;NA;US;North Carolina;35.582443;-81.646801
2234373963;Asimina triloba;Horn, Charles N.;US;North Carolina;35.585717;-80.983933
1990212557;Asimina triloba;NA;US;North Carolina;35.588447;-82.547633
2234372716;Asimina triloba;Horn, Charles N.;US;North Carolina;35.591677;-80.214857
1990216247;Asimina triloba;Swab, Edward C.;US;North Carolina;35.612377;-79.15966
1990216309;Asimina triloba;Swab, Edward C.;US;North Carolina;35.614153;-79.15986
2464687734;Asimina triloba;NA;US;Arkansas;35.64091;-92.87934
1844417631;Asimina triloba;NA;US;Tennessee;35.656178;-85.341357
1990224289;Asimina triloba;NA;US;North Carolina;35.6622;-80.52673
2234371865;Asimina triloba;Horn, Charles N.;US;North Carolina;35.68891;-81.449737
3747797309;Asimina triloba;Daniel L Marsh;US;Arkansas;35.690351;-93.928152
1844416990;Asimina triloba;NA;US;North Carolina;35.74263;-81.686688
1844418061;Asimina triloba;NA;US;North Carolina;35.748819;-81.877674
2234371819;Asimina triloba;Horn, Charles N.;US;North Carolina;35.751525;-79.889203
1844417210;Asimina triloba;NA;US;Tennessee;35.756472;-83.970459
1990212116;Asimina triloba;NA;US;Tennessee;35.762951;-89.627732
1990219300;Asimina triloba;NA;US;North Carolina;35.767456;-81.733113
2464696791;Asimina triloba;NA;US;Arkansas;35.772027;-91.625866
2234372099;Asimina triloba;Horn, Charles N.;US;North Carolina;35.796894;-76.421976
2859149688;Asimina triloba;NA;US;Arkansas;35.801005;-93.836929
859258716;Asimina triloba;Goering, Dave;US;Arkansas;35.80512;-93.86188
4023034226;Asimina triloba;NA;US;North Carolina;35.806411;-78.668393
4023034213;Asimina triloba;NA;US;North Carolina;35.806411;-78.668393
1990222860;Asimina triloba;NA;US;North Carolina;35.806411;-78.668393
1990220057;Asimina triloba;NA;US;Tennessee;35.808394;-86.062404
2234370010;Asimina triloba;Horn, Charles N.;US;North Carolina;35.816508;-79.189872
1990222377;Asimina triloba;NA;US;North Carolina;35.816634;-80.887687
3470661518;Asimina triloba;NA;US;Arkansas;35.842506;-90.632204
1936145755;Asimina triloba;NA;US;Knox County;35.85087;-84.06009
3395302327;Asimina triloba;Horn, Charles N.;US;North Carolina;35.852;-81.331167
1990218140;Asimina triloba;NA;US;North Carolina;35.893413;-78.581935
1990219442;Asimina triloba;NA;US;Tennessee;35.894845;-86.897888
2412539957;Asimina triloba;NA;US;North Carolina;35.9132;-79.055844
2234371900;Asimina triloba;Horn, Charles N.;US;North Carolina;35.913617;-79.048864
1990212619;Asimina triloba;NA;US;North Carolina;35.913666;-79.049206
1990212613;Asimina triloba;NA;US;North Carolina;35.913666;-79.049206
1990212611;Asimina triloba;NA;US;North Carolina;35.913666;-79.049206
1990212589;Asimina triloba;NA;US;North Carolina;35.913666;-79.049206
2234372231;Asimina triloba;Horn, Charles N.;US;North Carolina;35.913712;-79.048847
2234371473;Asimina triloba;Horn, Charles N.;US;North Carolina;35.913721;-79.048978
2234370332;Asimina triloba;Horn, Charles N.;US;North Carolina;35.913721;-79.048978
2234369832;Asimina triloba;Horn, Charles N.;US;North Carolina;35.913741;-79.048965
2234370632;Asimina triloba;Horn, Charles N.;US;North Carolina;35.913746;-79.048847
2413158277;Asimina triloba;NA;US;North Carolina;35.915722;-82.854574
2234373377;Asimina triloba;Horn, Charles N.;US;North Carolina;35.91963;-79.046274
2234372113;Asimina triloba;Horn, Charles N.;US;North Carolina;35.91963;-79.046274
2234371897;Asimina triloba;Horn, Charles N.;US;North Carolina;35.91963;-79.046274
2234371332;Asimina triloba;Horn, Charles N.;US;North Carolina;35.91963;-79.046274
2234373969;Asimina triloba;Horn, Charles N.;US;North Carolina;35.919823;-79.051276
2234372080;Asimina triloba;Horn, Charles N.;US;North Carolina;35.919823;-79.051276
1989993178;Asimina triloba;NA;US;Tennessee;35.921838;-83.948796
2234370708;Asimina triloba;Horn, Charles N.;US;North Carolina;35.922089;-79.019732
1844418091;Asimina triloba;NA;US;North Carolina;35.922349;-81.906499
1989993155;Asimina triloba;NA;US;Tennessee;35.926589;-84.244991
2234372837;Asimina triloba;Horn, Charles N.;US;North Carolina;35.928391;-79.265241
1989993106;Asimina triloba;NA;US;Tennessee;35.955124;-83.866674
2234371410;Asimina triloba;Horn, Charles N.;US;North Carolina;35.95831;-77.780251
1989993213;Asimina triloba;NA;US;Tennessee;35.961415;-83.88385
2234640026;Asimina triloba;Horn, Charles N.;US;North Carolina;35.976414;-76.125488
2234371085;Asimina triloba;Horn, Charles N.;US;North Carolina;35.986779;-79.358323
2234373384;Asimina triloba;Horn, Charles N.;US;North Carolina;35.988289;-79.031142
2234371102;Asimina triloba;Horn, Charles N.;US;North Carolina;35.988289;-79.031142
2234370565;Asimina triloba;Horn, Charles N.;US;North Carolina;35.988289;-79.031142
1989993197;Asimina triloba;NA;US;Tennessee;35.998926;-83.912701
1978053116;Asimina triloba;NA;US;Kentucky;36;-89
2515379576;Asimina triloba;NA;US;Arkansas;36.016667;-93.383333
2513407460;Asimina triloba;NA;US;Arkansas;36.016667;-93.383333
2513407042;Asimina triloba;NA;US;Arkansas;36.016667;-93.383333
2513406934;Asimina triloba;NA;US;Arkansas;36.016667;-93.383333
2513406119;Asimina triloba;NA;US;Arkansas;36.016667;-93.383333
3747801302;Asimina triloba;Daniel L Marsh;US;Arkansas;36.018757;-92.25076
2234370814;Asimina triloba;Horn, Charles N.;US;North Carolina;36.037855;-80.345324
1844417278;Asimina triloba;NA;US;North Carolina;36.041223;-81.62757
4088569686;Asimina triloba;NA;US;North Carolina;36.06034;-80.342424
3496961802;Asimina triloba;NA;US;North Carolina;36.06034;-80.342424
4023034221;Asimina triloba;NA;US;North Carolina;36.060806;-78.885344
4023034220;Asimina triloba;NA;US;North Carolina;36.060806;-78.885344
4023034216;Asimina triloba;NA;US;North Carolina;36.060806;-78.885344
4023034214;Asimina triloba;NA;US;North Carolina;36.060806;-78.885344
1990215733;Asimina triloba;NA;US;North Carolina;36.060806;-78.885344
3747790323;Asimina triloba;Carol Kuhn;US;Arkansas;36.068016;-93.176818
1844418074;Asimina triloba;NA;US;North Carolina;36.069825;-80.260799
2273385714;Asimina triloba;Wyatt, Raymond Louis;US;North Carolina;36.099258;-80.284488
3504052311;Asimina triloba;McCormick, Carol Ann;US;North Carolina;36.103292;-79.38133
1989993252;Asimina triloba;NA;US;Tennessee;36.110918;-83.767601
3886941157;Asimina triloba;Aaron Price;US;Tennessee;36.13;-85.44
1844418045;Asimina triloba;NA;US;Tennessee;36.141137;-88.489741
1260957130;Asimina triloba;NA;US;Missouri;36.19305;-89.65555
1990221638;Asimina triloba;NA;US;North Carolina;36.200995;-78.890793
1990215871;Asimina triloba;NA;US;North Carolina;36.200995;-78.890793
1990218222;Asimina triloba;NA;US;North Carolina;36.206977;-76.434522
3747796325;Asimina triloba;Delzie Demaree;US;Arkansas;36.24312;-90.55233
1844417365;Asimina triloba;NA;US;North Carolina;36.262758;-80.303058
1990225728;Asimina triloba;NA;US;North Carolina;36.265199;-76.260691
2464660796;Asimina triloba;NA;US;Arkansas;36.342548;-94.454935
1990219448;Asimina triloba;NA;US;Tennessee;36.34485;-85.283076
3886941136;Asimina triloba;Nathan Eldridge;US;Tennessee;36.395833;-85.429444
3948443326;Asimina triloba;Tinyel;US;North Carolina;36.396993;-79.297936
1929341696;Asimina triloba;D. E. Atha;US;Tennessee;36.409099;-89.414634
3747784338;Asimina triloba;G Gonsoulin;US;Tennessee;36.413676;-85.955372
2562775005;Asimina triloba;Eric Sundell;US;Arkansas;36.420231;-94.04787
3695162782;Asimina triloba;Eric Sundell;US;Arkansas;36.421486;-94.09977
3496961831;Asimina triloba;NA;US;North Carolina;36.44;-76.55
1929483751;Asimina triloba;D. E. Atha;US;Tennessee;36.443278;-89.351941
1844418286;Asimina triloba;NA;US;North Carolina;36.447082;-79.543916
3470662780;Asimina triloba;NA;US;Arkansas;36.469002;-90.164814
3460990421;Asimina triloba;E.L. Richards;US;Arkansas;36.469002;-90.164814
2234505450;Asimina triloba;Richards, Edward Leon;US;Arkansas;36.469002;-90.164814
3897107392;Asimina triloba;NA;US;Arkansas;36.469218;-90.154609
2234369805;Asimina triloba;Horn, Charles N.;US;North Carolina;36.4723;-79.734632
2464653770;Asimina triloba;NA;US;Arkansas;36.485022;-94.458042
1990222904;Asimina triloba;NA;US;North Carolina;36.495181;-79.786011
1990225780;Asimina triloba;NA;US;Tennessee;36.501572;-83.660698
1260958334;Asimina triloba;NA;US;Missouri;36.5225;-92.14194
1844416953;Asimina triloba;NA;US;Tennessee;36.550081;-87.944382
1844418229;Asimina triloba;NA;US;Tennessee;36.553583;-87.306972
1257959708;Asimina triloba;NA;US;Missouri;36.5714;-94.4092
3496961799;Asimina triloba;NA;US;Virginia;36.572625;-76.153339
3496961837;Asimina triloba;NA;US;Virginia;36.57702;-76.465236
3496961861;Asimina triloba;NA;US;Virginia;36.586916;-76.167114
3496961826;Asimina triloba;NA;US;Virginia;36.590632;-76.487955
3496961812;Asimina triloba;NA;US;Virginia;36.593813;-76.402509
1260111859;Asimina triloba;G. Gust (MO);US;Missouri;36.64111;-89.29027
1260946658;Asimina triloba;NA;US;Missouri;36.64444;-89.28527
3395243566;Asimina triloba;NA;US;Virginia;36.652035;-76.474628
3395243563;Asimina triloba;NA;US;Virginia;36.652035;-76.474628
1260981621;Asimina triloba;NA;US;Missouri;36.67305;-91.70444
1261003804;Asimina triloba;NA;US;Missouri;36.67444;-92.66861
3496961827;Asimina triloba;NA;US;Virginia;36.68578;-76.497575
1990218250;Asimina triloba;NA;US;Virginia;36.697157;-76.634781
2562764062;Asimina triloba;Charles S Wallis;US;Oklahoma;36.732825;-94.722691
3969694600;Asimina triloba;NA;US;Oklahoma;36.7596;-96.395
3496961870;Asimina triloba;NA;US;Virginia;36.765901;-76.158101
3496961824;Asimina triloba;NA;US;Virginia;36.767361;-76.151136
3496961877;Asimina triloba;NA;US;Virginia;36.770193;-76.108474
3496961801;Asimina triloba;NA;US;Virginia;36.80884;-76.504166
1260966806;Asimina triloba;NA;US;Missouri;36.81833;-90.52777
2807603071;Asimina triloba;NA;US;Oklahoma;36.851493;-95.585435
2464704836;Asimina triloba;NA;US;Oklahoma;36.851493;-95.585435
1257775723;Asimina triloba;NA;US;Missouri;36.851667;-89.890833
2464661828;Asimina triloba;NA;US;Oklahoma;36.85674;-94.78773
1260990987;Asimina triloba;NA;US;Missouri;36.89416;-90.27833
1260990806;Asimina triloba;NA;US;Missouri;36.89416;-90.27833
1260988987;Asimina triloba;NA;US;Missouri;36.89583;-92.4825
1260989145;Asimina triloba;NA;US;Missouri;36.92722;-93.385
1260989163;Asimina triloba;NA;US;Missouri;36.94166;-93.36611
2234372312;Asimina triloba;Clark, Ross C.;US;Kentucky;36.951117;-88.109376
1990217170;Asimina triloba;NA;US;Kentucky;36.962805;-85.932108
1257890005;Asimina triloba;NA;US;Missouri;36.97;-90.1528
4007811746;Asimina triloba;Hill, SR, (ILLS);US;Illinois;37;-89
176885925;Asimina triloba;Earl W Lathrop;US;Kansas;37.000122;-94.699048
176885921;Asimina triloba;Steve Stephens;US;Kansas;37.0045;-96.28574
1260978391;Asimina triloba;NA;US;Missouri;37.005;-92.06333
1260977713;Asimina triloba;NA;US;Missouri;37.005;-92.06333
1260979768;Asimina triloba;NA;US;Missouri;37.02666;-90.28444
2234372051;Asimina triloba;NA;US;Virginia;37.036389;-78.948889
176885946;Asimina triloba;Edward L Richards;US;Kansas;37.03641;-94.663292
176885929;Asimina triloba;Edward L Richards;US;Kansas;37.03641;-94.663292
176885918;Asimina triloba;Burdette L Wagenknecht;US;Kansas;37.064071;-94.704758
176885909;Asimina triloba;Larry Hauser;US;Kansas;37.065684;-95.07575
4129117392;Asimina triloba;NA;US;Missouri;37.066667;-91.060556
4129113387;Asimina triloba;NA;US;Missouri;37.068611;-91.056667
176885895;Asimina triloba;Worthie H Horr;US;Kansas;37.07368;-96.0136
1260988979;Asimina triloba;NA;US;Missouri;37.08722;-93.32555
1671752756;Asimina triloba;S. R. Hill;US;Illinois;37.1;-89.25
1260961749;Asimina triloba;NA;US;Missouri;37.10027;-91.73583
3320798629;Asimina triloba;Gilbert Jerome Muth;US;Illinois;37.114778;-89.343556
176885905;Asimina triloba;Steve Stephens;US;Kansas;37.12662;-95.61289
4081320242;Asimina triloba;Ebinger, J. E.;US;Illinois;37.138254;-89.341315
1260958177;Asimina triloba;NA;US;Missouri;37.14638;-94.46277
176885959;Asimina triloba;Harry Page;US;Kansas;37.15273;-96.94101
2464632817;Asimina triloba;NA;US;Kansas;37.154528;-94.827303
2464626457;Asimina triloba;NA;US;Kansas;37.168467;-95.638217
1260992121;Asimina triloba;NA;US;Missouri;37.1734;-89.3143
1260992120;Asimina triloba;NA;US;Missouri;37.1734;-89.3143
176885932;Asimina triloba;Steve Stephens;US;Kansas;37.178206;-94.64312
176885917;Asimina triloba;Steve Stephens;US;Kansas;37.178206;-94.64312
176885896;Asimina triloba;Steve Stephens;US;Kansas;37.181248;-94.64504
176885902;Asimina triloba;Worthie H Horr;US;Kansas;37.192343;-95.742943
1261881160;Asimina triloba;A.E. Brant;US;Missouri;37.216667;-90.966667
1260988968;Asimina triloba;NA;US;Missouri;37.24916;-92.9075
3352991409;Asimina triloba;Nee MH;US;Illinois;37.253611;-88.526944
2430349721;Asimina triloba;NA;US;Illinois;37.253611;-88.526944
3496961865;Asimina triloba;NA;US;Virginia;37.25588;-76.78081
2234372405;Asimina triloba;James, Fred C.;US;Virginia;37.277206;-78.353319
1978074715;Asimina triloba;NA;US;Virginia;37.294028;-82.308611
2859129155;Asimina triloba;NA;US;Missouri;37.300319;-90.0359
1261476638;Asimina triloba;James S. Miller;US;Missouri;37.31666;-91.98333
2464630079;Asimina triloba;NA;US;Kansas;37.31794;-94.68177
2464627484;Asimina triloba;S. Young;US;Kansas;37.31794;-94.68177
1990222154;Asimina triloba;NA;US;Virginia;37.318072;-80.698321
1990218843;Asimina triloba;NA;US;Virginia;37.318072;-80.698321
1310100161;Asimina triloba;Hillary J Loring;US;Kansas;37.31903;-94.67932
2464628511;Asimina triloba;NA;US;Kansas;37.32018;-94.67812
2005978851;Asimina triloba;Kelly Kindscher;US;Kansas;37.32231;-94.68033
2890660403;Asimina triloba;NA;US;Kansas;37.333333;-95.083333
2890660393;Asimina triloba;NA;US;Kansas;37.333333;-95.083333
2890660389;Asimina triloba;NA;US;Kansas;37.333333;-95.083333
1260992009;Asimina triloba;NA;US;Missouri;37.3458;-89.5181
176885903;Asimina triloba;Steve Stephens;US;Kansas;37.34864;-96.46881
176885966;Asimina triloba;Per Axel Rydberg;US;Kansas;37.349339;-94.627508
2464633982;Asimina triloba;NA;US;Kansas;37.355766;-94.917936
1257889906;Asimina triloba;NA;US;Missouri;37.3589;-90.0239
176885857;Asimina triloba;Ralph E Brooks;US;Kansas;37.36689;-96.66447
3395243562;Asimina triloba;NA;US;Virginia;37.375165;-80.522559
3357424231;Asimina triloba;NA;US;Virginia;37.375165;-80.522559
1260993458;Asimina triloba;NA;US;Missouri;37.38222;-89.66611
3747786322;Asimina triloba;Thomas C Beger;US;Missouri;37.410362;-89.436809
859258729;Asimina triloba;Wilson, James;US;Kansas;37.41083;-94.70472
4502193509;Asimina triloba;Craig C Freeman;US;Kansas;37.4189;-94.761136
883383447;Asimina triloba;NA;US;Missouri;37.433333;-90.2
3496961797;Asimina triloba;NA;US;Virginia;37.439458;-76.532698
1671752782;Asimina triloba;S. R. Hill;US;Illinois;37.4414;-89.3942
2464630670;Asimina triloba;NA;US;Kansas;37.45323;-94.71326
1258286048;Asimina triloba;J.C. Solomon;US;Missouri;37.479167;-90.9025
2890660333;Asimina triloba;NA;US;Missouri;37.5;-94.18
1260970776;Asimina triloba;NA;US;Missouri;37.52916;-93.29722
3313041337;Asimina triloba;Jacob Hadle;US;Kansas;37.53282;-96.46667
1260933401;Asimina triloba;NA;US;Missouri;37.55277;-93.69888
176885920;Asimina triloba;W W Holland;US;Kansas;37.55793;-95.11461
176885906;Asimina triloba;Worthie H Horr;US;Kansas;37.55954;-95.744316
3946830681;Asimina triloba;NA;US;NA;37.56859;-90.15379
176885864;Asimina triloba;Craig C Freeman;US;Kansas;37.629723;-94.809723
4081305139;Asimina triloba;NA;US;Illinois;37.633333;-89.2
1261006323;Asimina triloba;NA;US;Missouri;37.63416;-90.32055
2464630345;Asimina triloba;NA;US;Kansas;37.6468;-94.8116
2464632454;Asimina triloba;NA;US;Kansas;37.648034;-94.812312
1990224055;Asimina triloba;NA;US;West Virginia;37.655999;-80.856325
176885916;Asimina triloba;Steve Stephens;US;Kansas;37.66129;-94.73616
176885953;Asimina triloba;W W Holland;US;Kansas;37.66303;-95.21854
4061542955;Asimina triloba;NA;US;Illinois;37.706538;-89.475274
1978007111;Asimina triloba;NA;US;Kentucky;37.716196;-84.296633
2268941568;Asimina triloba;Gerrit Davidse (MO);US;Missouri;37.719445;-90.646944
176885894;Asimina triloba;William T Barker;US;Kansas;37.751299;-95.661501
176885914;Asimina triloba;Steve Stephens;US;Kansas;37.76453;-96.69311
2575150539;Asimina triloba;NA;US;Kentucky;37.77;-84.61
1990218151;Asimina triloba;NA;US;Virginia;37.814517;-79.447754
2640548464;Asimina triloba;Eggleston, Willard W.;US;Virginia;37.816239;-79.824495
1261475935;Asimina triloba;James S. Miller (MO);US;Missouri;37.81666;-90.93333
1978065600;Asimina triloba;NA;US;Kentucky;37.817906;-84.718605
2575151348;Asimina triloba;NA;US;Kentucky;37.82;-84.72
2890660326;Asimina triloba;NA;US;Missouri;37.820714;-94.301014
2248087164;Asimina triloba;NA;US;Kentucky;37.82378;-83.67635
4081306744;Asimina triloba;Ebinger, J. E.;US;Indiana;37.827286;-87.955203
176885863;Asimina triloba;Edward L Richards;US;Kansas;37.83276;-94.97525
176885912;Asimina triloba;Ralph E Brooks;US;Kansas;37.87264;-95.11515
176885867;Asimina triloba;Earl W Lathrop;US;Kansas;37.87389;-95.78842
1260954566;Asimina triloba;NA;US;Missouri;37.88638;-90.31666
176885871;Asimina triloba;Worthie H Horr;US;Kansas;37.88667;-95.740168
176885897;Asimina triloba;Worthie H Horr;US;Kansas;37.887543;-96.232636
2234372490;Asimina triloba;Gunn, Charles R.;US;Kentucky;37.9;-85.6167
4061837558;Asimina triloba;NA;US;Kentucky;37.90056;-84.268333
4061660823;Asimina triloba;NA;US;Kentucky;37.90056;-84.268333
4061107494;Asimina triloba;NA;US;Kentucky;37.90056;-84.268333
4061091258;Asimina triloba;NA;US;Kentucky;37.90056;-84.268333
699271264;Asimina triloba;NA;US;Virginia;37.92027;-79.43444
1260950147;Asimina triloba;NA;US;Missouri;37.92611;-91.9775
859258720;Asimina triloba;Weatherholt, Raymond;US;Indiana;37.95672;-87.03639
3059704779;Asimina triloba;NA;US;Indiana;37.982681;-87.516312
176885913;Asimina triloba;Z D Thompson;US;Kansas;37.99329;-94.88358
1260936509;Asimina triloba;NA;US;Missouri;37.99555;-91.18666
2890702761;Asimina triloba;Neil Snow;US;Kansas;38.018133;-95.047594
176885960;Asimina triloba;Caleb A Morse;US;Kansas;38.022905;-94.765824
3747807326;Asimina triloba;Ralph E Brooks;US;Missouri;38.051936;-91.218173
1260989134;Asimina triloba;NA;US;Missouri;38.05916;-93.79166
4042533336;Asimina triloba;NA;US;NA;38.07;-90.4
4042533335;Asimina triloba;NA;US;NA;38.07;-90.4
1260989139;Asimina triloba;NA;US;Missouri;38.07388;-92.57944
176885972;Asimina triloba;Lawrence K Magrath;US;Kansas;38.07605;-95.63791
1259393832;Asimina triloba;J. Stone (MO);US;Missouri;38.08638;-90.67777
3747790314;Asimina triloba;Peter H Raven;US;Missouri;38.125;-90.675
3308582936;Asimina triloba;NA;US;Missouri;38.125;-90.675
2859150400;Asimina triloba;NA;US;Missouri;38.125;-90.675
1261478227;Asimina triloba;NA;US;Missouri;38.125;-90.675
1261478214;Asimina triloba;NA;US;Missouri;38.125;-90.675
1261478193;Asimina triloba;NA;US;Missouri;38.125;-90.675
3892755308;Asimina triloba;Sands;US;Illinois;38.127502;-90.120146
1978072692;Asimina triloba;Ronald L. Jones;US;Kentucky;38.127617;-83.23225
176885951;Asimina triloba;Craig C Freeman;US;Kansas;38.141085;-94.873922
3892755310;Asimina triloba;Bailey, William M.;US;Illinois;38.143776;-90.155683
1258480869;Asimina triloba;J. Stone;US;Missouri;38.16666;-90.7
176885965;Asimina triloba;Bernadette Kuhn;US;Kansas;38.17973;-95.26117
859258724;Asimina triloba;Rush, Harold;US;Indiana;38.21198;-86.21418
176885861;Asimina triloba;Worthie H Horr;US;Kansas;38.214028;-95.292256
176885919;Asimina triloba;Steve Stephens;US;Kansas;38.22257;-95.24167
176885866;Asimina triloba;Caleb A Morse;US;Kansas;38.233334;-94.949997
176885928;Asimina triloba;Ronald L McGregor;US;Kansas;38.23708;-95.26038
4061480466;Asimina triloba;NA;US;Missouri;38.24444;-93.82527
1260989171;Asimina triloba;NA;US;Missouri;38.24444;-93.82527
176885973;Asimina triloba;James W Richardson;US;Kansas;38.268719;-94.717697
176885923;Asimina triloba;Steve Stephens;US;Kansas;38.28055;-95.15881
859258726;Asimina triloba;Magrath, Lawrence;US;Kansas;38.28616;-95.52612
4081319792;Asimina triloba;NA;US;Illinois;38.302512;-90.305946
415893930;Asimina triloba;NA;US;Illinois;38.30555;-90.27638
4081304485;Asimina triloba;Ebinger, John E.;US;Illinois;38.371941;-89.602337
1319396518;Asimina triloba;NA;US;Virginia;38.3875;-77.38
4081307497;Asimina triloba;John E. Ebinger, Dec 1992;US;Indiana;38.388134;-87.748262
4081305180;Asimina triloba;W. McClain;US;Indiana;38.388941;-87.750923
1322736323;Asimina triloba;NA;US;Maryland;38.39;-76.57
2859151709;Asimina triloba;NA;US;West Virginia;38.3984;-82.418718
4081308984;Asimina triloba;NA;US;West Virginia;38.420833;-81.837222
4081307513;Asimina triloba;NA;US;West Virginia;38.420833;-81.837222
4081308982;Asimina triloba;NA;US;West Virginia;38.422222;-81.840278
4081306745;Asimina triloba;Ebinger, J. E.;US;Indiana;38.429649;-87.101234
1676086452;Asimina triloba;Craig C Freeman;US;Kansas;38.43928;-94.76897
176885941;Asimina triloba;Steve Stephens;US;Kansas;38.44759;-94.79202
176885908;Asimina triloba;Worthie H Horr;US;Kansas;38.452151;-96.15
1929805855;Asimina triloba;NA;US;Delaware;38.4561;-75.3178
4061408598;Asimina triloba;NA;US;Missouri;38.462222;-90.8175
1929371012;Asimina triloba;NA;US;Delaware;38.4656;-75.32
1261476605;Asimina triloba;James S. Miller;US;Missouri;38.46666;-90.7
1257890002;Asimina triloba;NA;US;Missouri;38.4683;-90.8042
176885868;Asimina triloba;Steve Stephens;US;Kansas;38.47124;-95.36035
1259142878;Asimina triloba;J.C. Solomon (MO);US;Missouri;38.49388;-90.54416
1258138210;Asimina triloba;Gerrit Davidse (MO);US;Missouri;38.513028;-91.609861
176885926;Asimina triloba;Edward L Richards;US;Kansas;38.528639;-95.959859
859258739;Asimina triloba;Hauser, Larry;US;Kansas;38.53262;-95.96472
859258734;Asimina triloba;Long, Jim;US;Kansas;38.53262;-95.96472
859258732;Asimina triloba;Ahshapanek, Don;US;Kansas;38.53262;-95.96472
176885915;Asimina triloba;Burdette L Wagenknecht;US;Kansas;38.53624;-95.52693
1257681104;Asimina triloba;E. Feltz (MO);US;Missouri;38.537778;-90.533056
1258632006;Asimina triloba;NA;US;Missouri;38.5459;-90.6155
859258723;Asimina triloba;Olson, R.;US;Kansas;38.54845;-95.9586
1260324708;Asimina triloba;NA;US;Missouri;38.55833;-90.60833
4081320241;Asimina triloba;NA;US;Illinois;38.572364;-88.094993
3747804314;Asimina triloba;Jennifer Milburn;US;Kansas;38.584694;-94.788704
176885958;Asimina triloba;Caleb A Morse;US;Kansas;38.5875;-94.745833
176885869;Asimina triloba;Jennifer Milburn;US;Kansas;38.58974;-94.801749
1671752507;Asimina triloba;NA;US;Illinois;38.6039;-89.8073
1258821956;Asimina triloba;Gerrit Davidse;US;Missouri;38.605833;-90.301944
176885931;Asimina triloba;Steve Stephens;US;Kansas;38.61001;-95.684429
176885927;Asimina triloba;Edward L Richards;US;Kansas;38.61557;-95.28631
1258815467;Asimina triloba;NA;US;Missouri;38.61666;-90.7
1258263140;Asimina triloba;N. Zimba & B.Luwiika;US;Missouri;38.61666;-90.68333
1261477637;Asimina triloba;L. McCook;US;Missouri;38.618056;-90.368056
1259142955;Asimina triloba;J.C. Solomon (MO);US;Missouri;38.62277;-90.68805
415893933;Asimina triloba;NA;US;Missouri;38.62722;-90.19777
4081319800;Asimina triloba;John E. Ebinger, Dec 1992;US;Illinois;38.638721;-88.531874
4081320276;Asimina triloba;Ebinger, J. E.;US;Illinois;38.642844;-88.535736
1261476625;Asimina triloba;James S. Miller;US;Missouri;38.657929;-90.619642
1257782454;Asimina triloba;NA;US;Missouri;38.666111;-90.731667
2234372408;Asimina triloba;James, Fred C.;US;Virginia;38.682327;-77.904075
1317908884;Asimina triloba;NA;US;Maryland;38.6861;-76.535
3395243570;Asimina triloba;NA;US;Virginia;38.700972;-78.493307
3357424169;Asimina triloba;NA;US;Virginia;38.700972;-78.493307
2610080747;Asimina triloba;F. R. Fosberg;US;Virginia;38.736507;-78.259724
176885910;Asimina triloba;Ralph E Brooks;US;Kansas;38.74298;-94.97085
4533908966;Asimina triloba;NA;US;Missouri;38.751792;-92.205117
1846526482;Asimina triloba;NA;US;Missouri;38.770008;-93.760893
2859152451;Asimina triloba;NA;US;Indiana;38.773996;-86.653255
2859135715;Asimina triloba;NA;US;Indiana;38.773996;-86.653255
1846526531;Asimina triloba;NA;US;Missouri;38.77419;-93.760077
3059704781;Asimina triloba;NA;US;Ohio;38.7898;-84.1296
2859134709;Asimina triloba;NA;US;Kansas;38.795691;-95.155399
3416701294;Asimina triloba;NA;US;Ohio;38.798053;-84.099068
2573454022;Asimina triloba;W. H. Horr;US;Kansas;38.80631;-95.15839
176885948;Asimina triloba;Craig C Freeman;US;Kansas;38.807847;-95.191136
176885963;Asimina triloba;Caleb A Morse;US;Kansas;38.808889;-95.191389
176885956;Asimina triloba;Caleb A Morse;US;Kansas;38.808889;-95.191389
3426380413;Asimina triloba;Jennifer Moody;US;Kansas;38.809304;-95.187311
1317254740;Asimina triloba;NA;US;Virginia;38.8236;-77.7133
1319556348;Asimina triloba;NA;US;Virginia;38.8242;-77.7111
176885962;Asimina triloba;Craig C Freeman;US;Kansas;38.82939;-94.637368
3357418018;Asimina triloba;Andrea Weeks;US;Virginia;38.843242;-78.304717
4134253800;Asimina triloba;NA;US;Virginia;38.850556;-78.540333
1260958808;Asimina triloba;NA;US;Missouri;38.85861;-93.89055
2859153423;Asimina triloba;NA;US;West Virginia;38.860051;-79.279255
176885952;Asimina triloba;Craig C Freeman;US;Kansas;38.876834;-95.034693
176885950;Asimina triloba;NA;US;Kansas;38.876834;-95.034693
2859152431;Asimina triloba;NA;US;West Virginia;38.876979;-79.263451
3968954588;Asimina triloba;Norman A. Bourg;US;NA;38.89;-78.15
1990223839;Asimina triloba;NA;US;Kansas;38.896417;-95.290947
1261001736;Asimina triloba;NA;US;Missouri;38.90111;-91.57305
997426820;Asimina triloba;Hillary J Loring;US;Kansas;38.91238;-95.22488
176885944;Asimina triloba;Kate Merrill;US;Kansas;38.918532;-95.297391
1260785850;Asimina triloba;NA;US;Missouri;38.92666;-92.34861
176885949;Asimina triloba;Craig C Freeman;US;Kansas;38.930961;-94.985448
3059698190;Asimina triloba;NA;US;Kansas;38.9333;-95.4333
176885955;Asimina triloba;Caleb A Morse;US;Kansas;38.933334;-95.433334
4134253790;Asimina triloba;NA;US;Virginia;38.94997;-78.52692
176885954;Asimina triloba;Craig C Freeman;US;Kansas;38.965935;-95.034564
176885898;Asimina triloba;Ronald L McGregor;US;Kansas;38.97167;-95.2166
4081319787;Asimina triloba;NA;US;Illinois;38.982093;-88.623662
3747798322;Asimina triloba;Norlan C Henderson;US;Missouri;38.995112;-94.506102
1261000769;Asimina triloba;NA;US;Missouri;39.01111;-90.92611
1990216407;Asimina triloba;NA;US;West Virginia;39.020034;-81.382975
1990215941;Asimina triloba;NA;US;West Virginia;39.020034;-81.382975
415951986;Asimina triloba;NA;US;West Virginia;39.03;-81.40666
415893940;Asimina triloba;NA;US;West Virginia;39.03;-81.40666
3416700624;Asimina triloba;NA;US;Ohio;39.030064;-84.104101
2859394670;Asimina triloba;NA;US;West Virginia;39.032541;-81.390586
438168520;Asimina triloba;NA;US;West Virginia;39.03358;-81.41012
176885964;Asimina triloba;Craig C Freeman;US;Kansas;39.0366;-95.590379
176885899;Asimina triloba;L D Volle;US;Kansas;39.04079;-95.52315
3829946395;Asimina triloba;NA;US;West Virginia;39.044058;-81.40461
3395243569;Asimina triloba;NA;US;Virginia;39.063831;-78.064152
1260971122;Asimina triloba;NA;US;Missouri;39.06916;-94.08
3357424166;Asimina triloba;NA;US;Virginia;39.073472;-78.11297
3357425817;Asimina triloba;NA;US;Virginia;39.074151;-77.983533
2859395665;Asimina triloba;NA;US;West Virginia;39.083367;-81.163083
3015247342;Asimina triloba;undefined;US;Virginia;39.086353;-77.970992
3015247313;Asimina triloba;undefined;US;Virginia;39.087456;-77.971942
3416701292;Asimina triloba;NA;US;Ohio;39.087561;-84.386329
1321794730;Asimina triloba;NA;US;Virginia;39.1011;-77.4775
4075448501;Asimina triloba;NA;US;Maryland;39.134194;-76.824639
3413424349;Asimina triloba;unknown;US;Ohio;39.134314;-84.539283
4075456429;Asimina triloba;NA;US;Maryland;39.134833;-76.824667
3416701243;Asimina triloba;NA;US;Ohio;39.135893;-84.41133
3416701242;Asimina triloba;NA;US;Ohio;39.135893;-84.41133
3416701238;Asimina triloba;NA;US;Ohio;39.135893;-84.41133
3395243475;Asimina triloba;NA;US;Virginia;39.141031;-78.405799
3091300070;Asimina triloba;NA;US;Indiana;39.142648;-86.401793
1258858201;Asimina triloba;NA;US;Missouri;39.155556;-94.393333
3416701240;Asimina triloba;NA;US;Ohio;39.16194;-84.45694
1322917549;Asimina triloba;NA;US;Virginia;39.1639;-77.5206
176885922;Asimina triloba;Edward L Richards;US;Kansas;39.166114;-94.781072
176885901;Asimina triloba;Burdette L Wagenknecht;US;Kansas;39.16989;-94.761246
3413417956;Asimina triloba;unknown;US;Missouri;39.171327;-92.164891
1981529449;Asimina triloba;Ava Hamill;US;Kansas;39.17426;-96.562828
176885934;Asimina triloba;Burdette L Wagenknecht;US;Kansas;39.181069;-94.789914
4046986324;Asimina triloba;Craig C Freeman;US;Kansas;39.187139;-96.422533
3416701319;Asimina triloba;NA;US;Ohio;39.191447;-84.570222
3416701318;Asimina triloba;NA;US;Ohio;39.196066;-84.508607
3416701305;Asimina triloba;NA;US;Ohio;39.196066;-84.508607
3416701286;Asimina triloba;NA;US;Ohio;39.196066;-84.508607
3416701281;Asimina triloba;NA;US;Ohio;39.196066;-84.508607
3416701279;Asimina triloba;NA;US;Ohio;39.196066;-84.508607
3416701276;Asimina triloba;NA;US;Ohio;39.196066;-84.508607
3416701273;Asimina triloba;NA;US;Ohio;39.196066;-84.508607
3416701258;Asimina triloba;NA;US;Ohio;39.196066;-84.508607
3416701246;Asimina triloba;NA;US;Ohio;39.196066;-84.508607
3747791334;Asimina triloba;Ralph E Brooks;US;Missouri;39.207826;-93.678146
3395243489;Asimina triloba;NA;US;Virginia;39.210103;-78.38945
3357424990;Asimina triloba;Andrea Weeks;US;Virginia;39.210103;-78.38945
3357424240;Asimina triloba;NA;US;Virginia;39.210103;-78.38945
3357424232;Asimina triloba;NA;US;Virginia;39.210103;-78.38945
3357424167;Asimina triloba;NA;US;Virginia;39.210103;-78.38945
3395243564;Asimina triloba;NA;US;Virginia;39.212131;-78.387733
176885911;Asimina triloba;Ronald L McGregor;US;Kansas;39.21528;-95.3125
3865107567;Asimina triloba;NA;US;Delaware;39.217361;-75.676217
4081304447;Asimina triloba;NA;US;Illinois;39.22811;-90.5523
3416701269;Asimina triloba;NA;US;Ohio;39.231169;-84.465776
859258730;Asimina triloba;Comer, C.;US;Virginia;39.23153;-77.56389
3416701244;Asimina triloba;NA;US;Ohio;39.242203;-82.195324
3416701288;Asimina triloba;NA;US;Ohio;39.261185;-84.354499
3416701287;Asimina triloba;NA;US;Ohio;39.261185;-84.354499
1318947356;Asimina triloba;NA;US;Maryland;39.2625;-77.3908
3357404445;Asimina triloba;Andrea Weeks;US;Virginia;39.287383;-77.7366
3357379487;Asimina triloba;Andrea Weeks;US;Virginia;39.28885;-77.734233
2234373085;Asimina triloba;Downs, Robert M.;US;Virginia;39.30453;-77.632066
3059704796;Asimina triloba;NA;US;West Virginia;39.32501;-77.73896
2859138693;Asimina triloba;NA;US;West Virginia;39.333674;-81.36696
4081320239;Asimina triloba;NA;US;Illinois;39.333951;-88.790069
1090629592;Asimina triloba;Paula-Souza, J;US;Ohio;39.346389;-82.033333
176885924;Asimina triloba;Burdette L Wagenknecht;US;Kansas;39.356709;-94.915462
176885900;Asimina triloba;Burdette L Wagenknecht;US;Kansas;39.360426;-94.913745
1260972119;Asimina triloba;NA;US;Missouri;39.36777;-92.90111
176885940;Asimina triloba;Craig C Freeman;US;Kansas;39.3715;-94.9319
176885969;Asimina triloba;Caleb A Morse;US;Kansas;39.371944;-94.895278
1260973259;Asimina triloba;NA;US;Missouri;39.37416;-94.16388
233097082;Asimina triloba;Craig C Freeman;US;Missouri;39.37508;-93.02219
176885961;Asimina triloba;Caleb A Morse;US;Kansas;39.3796;-94.8999
176885935;Asimina triloba;Caleb A Morse;US;Kansas;39.3796;-94.8999
176885947;Asimina triloba;Craig C Freeman;US;Kansas;39.380283;-94.932377
1457754271;Asimina triloba;NA;US;Illinois;39.395556;-88.155556
4061137560;Asimina triloba;NA;US;Illinois;39.3956;-88.1556
3416701239;Asimina triloba;NA;US;Ohio;39.399501;-84.561336
4081308980;Asimina triloba;NA;US;Illinois;39.404464;-88.08228
4042594451;Asimina triloba;NA;US;NA;39.41;-88.08
2859153752;Asimina triloba;NA;US;Indiana;39.431856;-86.898731
2859150309;Asimina triloba;NA;US;Indiana;39.431856;-86.898731
176885930;Asimina triloba;Edward L Richards;US;Kansas;39.45364;-95.96694
176885939;Asimina triloba;Ronald L McGregor;US;Kansas;39.454117;-95.02464
3059704785;Asimina triloba;NA;US;Ohio;39.4608;-83.9206
3747794322;Asimina triloba;Carol Kuhn;US;Missouri;39.46758;-94.971762
4081319803;Asimina triloba;John E. Ebinger, Dec 1992;US;Illinois;39.495104;-87.89906
4067743039;Asimina triloba;NA;US;Maryland;39.496092;-77.826039
3454985199;Asimina triloba;Collectors;US;Missouri;39.497504;-95.020852
4081305145;Asimina triloba;John E. Ebinger, Dec 1992;US;Illinois;39.499835;-90.533904
1319188578;Asimina triloba;NA;US;Maryland;39.5031;-76.1147
4081320278;Asimina triloba;Ebinger, J. E.;US;Illinois;39.504428;-88.594504
4081293289;Asimina triloba;Ebinger, John E.;US;Illinois;39.514133;-88.09157
2859429665;Asimina triloba;NA;US;Ohio;39.555261;-81.106918
3416701316;Asimina triloba;NA;US;Ohio;39.571878;-84.748137
1261476637;Asimina triloba;James S. Miller;US;Missouri;39.6;-91.21666
859258710;Asimina triloba;Stephens, H.;US;Kansas;39.60463;-95.13474
3865109647;Asimina triloba;NA;US;Maryland;39.648719;-76.155246
2859395664;Asimina triloba;NA;US;Maryland;39.652865;-78.762518
1990218696;Asimina triloba;NA;US;Missouri;39.658998;-93.979179
2859153452;Asimina triloba;NA;US;West Virginia;39.664157;-79.953494
4067743038;Asimina triloba;NA;US;Maryland;39.677977;-78.234558
2859138692;Asimina triloba;NA;US;Maryland;39.697317;-76.110395
415893931;Asimina triloba;NA;US;Maryland;39.69888;-78.17972
3865374571;Asimina triloba;NA;US;Pennsylvania;39.720961;-79.855474
2859388830;Asimina triloba;NA;US;Pennsylvania;39.723288;-79.857866
3865103429;Asimina triloba;NA;US;Pennsylvania;39.723614;-76.101274
2859141634;Asimina triloba;NA;US;Pennsylvania;39.72613;-78.154181
2859429820;Asimina triloba;L. Speedy 2006;US;Pennsylvania;39.73028;-79.87944
3865103430;Asimina triloba;NA;US;Pennsylvania;39.733026;-76.22417
3865102473;Asimina triloba;NA;US;Pennsylvania;39.733026;-76.22417
2859140863;Asimina triloba;NA;US;Pennsylvania;39.739823;-80.105047
3865373492;Asimina triloba;NA;US;Pennsylvania;39.747028;-78.471894
3865371453;Asimina triloba;NA;US;Pennsylvania;39.747028;-78.471894
2859142868;Asimina triloba;NA;US;Pennsylvania;39.747028;-78.471894
3865104559;Asimina triloba;NA;US;Delaware;39.747513;-75.636342
2859433344;Asimina triloba;NA;US;Pennsylvania;39.75107;-78.146893
2859126869;Asimina triloba;NA;US;Pennsylvania;39.752252;-79.972874
3865102472;Asimina triloba;NA;US;Pennsylvania;39.755877;-80.007283
2859140862;Asimina triloba;NA;US;Pennsylvania;39.755907;-78.363629
4081319797;Asimina triloba;John E. Ebinger, Dec 1992;US;Illinois;39.756827;-88.163932
2859421824;Asimina triloba;NA;US;Pennsylvania;39.759047;-77.427584
2859506446;Asimina triloba;L. Speedy 2014;US;Pennsylvania;39.76199;-80.01588
176885904;Asimina triloba;Ronald L McGregor;US;Kansas;39.764589;-96.026863
3865377496;Asimina triloba;NA;US;Pennsylvania;39.766542;-78.373563
2859395836;Asimina triloba;W.J. Harrison;US;Pennsylvania;39.766667;-79.916667
4075448473;Asimina triloba;NA;US;Delaware;39.783333;-75.65
1990223888;Asimina triloba;NA;US;Kansas;39.788502;-95.147225
3892755312;Asimina triloba;Olmsted, Charles E.;US;Indiana;39.78981;-84.899594
3331198784;Asimina triloba;NA;US;Pennsylvania;39.797296;-76.291072
3331197195;Asimina triloba;NA;US;Pennsylvania;39.798163;-76.294466
3331184527;Asimina triloba;NA;US;Pennsylvania;39.79855;-76.2533
3331198013;Asimina triloba;NA;US;Pennsylvania;39.798876;-76.298991
3331199066;Asimina triloba;NA;US;Pennsylvania;39.799169;-76.291631
3331184528;Asimina triloba;NA;US;Pennsylvania;39.799617;-76.296667
3865375537;Asimina triloba;NA;US;Pennsylvania;39.801379;-78.72981
3331198447;Asimina triloba;NA;US;Pennsylvania;39.801699;-76.299753
176885938;Asimina triloba;Steve Stephens;US;Kansas;39.80216;-95.47657
3331191047;Asimina triloba;NA;US;Pennsylvania;39.803822;-76.29131
3331199102;Asimina triloba;NA;US;Pennsylvania;39.804706;-76.307433
3331183075;Asimina triloba;NA;US;Pennsylvania;39.806547;-76.287904
3331198456;Asimina triloba;NA;US;Pennsylvania;39.807817;-76.302477
3331199280;Asimina triloba;NA;US;Pennsylvania;39.80906;-76.310291
2859126868;Asimina triloba;NA;US;Pennsylvania;39.810192;-78.71719
3331184641;Asimina triloba;NA;US;Pennsylvania;39.819512;-76.319615
2859397813;Asimina triloba;S.P. Grund;US;Pennsylvania;39.821552;-78.142454
3865110417;Asimina triloba;NA;US;Pennsylvania;39.824559;-78.327293
176885907;Asimina triloba;Frank U Agrelius;US;Kansas;39.825845;-95.141389
2859421825;Asimina triloba;NA;US;Pennsylvania;39.827238;-78.049448
3865380600;Asimina triloba;NA;US;Pennsylvania;39.82787;-77.903331
3865108571;Asimina triloba;NA;US;Pennsylvania;39.82787;-77.903331
3865106477;Asimina triloba;NA;US;Pennsylvania;39.834192;-76.340783
3331191288;Asimina triloba;NA;US;Pennsylvania;39.83462;-76.328
3865380601;Asimina triloba;NA;US;Pennsylvania;39.836944;-76.338734
3331198397;Asimina triloba;NA;US;Pennsylvania;39.843196;-76.320801
3865104513;Asimina triloba;NA;US;Pennsylvania;39.8452;-80.112436
2859134710;Asimina triloba;NA;US;West Virginia;39.850138;-80.808487
3865378619;Asimina triloba;NA;US;Pennsylvania;39.857999;-77.887081
4064830476;Asimina triloba;NA;US;Pennsylvania;39.858722;-77.886407
3331187671;Asimina triloba;NA;US;Pennsylvania;39.861369;-76.344246
176885858;Asimina triloba;Burdette L Wagenknecht;US;Kansas;39.864377;-95.033177
2859387822;Asimina triloba;NA;US;Pennsylvania;39.870881;-79.494581
2859386831;Asimina triloba;NA;US;Pennsylvania;39.870881;-79.494581
2859127686;Asimina triloba;NA;US;Pennsylvania;39.870881;-79.494581
3865376587;Asimina triloba;NA;US;Pennsylvania;39.871742;-79.492261
2859506823;Asimina triloba;NA;US;Pennsylvania;39.871742;-79.492261
2859141874;Asimina triloba;NA;US;Pennsylvania;39.872;-76.381
2859223756;Asimina triloba;J.A. Isaac 2018;US;Pennsylvania;39.872;-76.3808
3865110466;Asimina triloba;NA;US;Pennsylvania;39.872324;-76.38135
3865102517;Asimina triloba;NA;US;Pennsylvania;39.872324;-76.38135
3865375536;Asimina triloba;NA;US;Pennsylvania;39.87391;-78.516266
3865372441;Asimina triloba;NA;US;Pennsylvania;39.87391;-78.516266
2859139876;Asimina triloba;NA;US;Pennsylvania;39.882324;-76.268846
3331197948;Asimina triloba;NA;US;Pennsylvania;39.887289;-76.364415
3331182333;Asimina triloba;NA;US;Pennsylvania;39.888388;-76.358973
3331182377;Asimina triloba;NA;US;Pennsylvania;39.894797;-76.358962
3331184224;Asimina triloba;NA;US;Pennsylvania;39.903;-76.365
3331201675;Asimina triloba;NA;US;Pennsylvania;39.903034;-76.365824
3331182348;Asimina triloba;NA;US;Pennsylvania;39.903867;-76.363445
3331188581;Asimina triloba;NA;US;Pennsylvania;39.90528;-76.32778
3331184221;Asimina triloba;NA;US;Pennsylvania;39.908;-76.329
2859134849;Asimina triloba;NA;US;Pennsylvania;39.91133;-80.09808
3331201669;Asimina triloba;NA;US;Pennsylvania;39.91631;-76.359544
2859396829;Asimina triloba;C.M. Morton 2003;US;Pennsylvania;39.919395;-80.074313
1258018638;Asimina triloba;NA;US;Missouri;39.9211;-95.0069
2859395792;Asimina triloba;B.L. Isaac 2003;US;Pennsylvania;39.92889;-79.93694
3331187922;Asimina triloba;NA;US;Pennsylvania;39.928913;-76.375679
2859137838;Asimina triloba;L. Speedy 2006;US;Pennsylvania;39.932778;-79.918889
3331190995;Asimina triloba;NA;US;Pennsylvania;39.935123;-76.397746
3331184640;Asimina triloba;NA;US;Pennsylvania;39.939184;-76.388036
1258018600;Asimina triloba;NA;US;Missouri;39.9433;-94.9831
2859246871;Asimina triloba;B.L. Isaac 2019;US;Pennsylvania;39.944497;-79.999764
4064830168;Asimina triloba;NA;US;Pennsylvania;39.94983;-75.680216
3091300062;Asimina triloba;NA;US;Missouri;39.952488;-94.979786
2859387823;Asimina triloba;NA;US;Pennsylvania;39.954818;-80.467664
3865371504;Asimina triloba;NA;US;Pennsylvania;39.954821;-80.466479
176885860;Asimina triloba;Worthie H Horr;US;Kansas;39.959177;-95.263651
3970639339;Asimina triloba;NA;US;Illinois;39.961;-90.48
1671752806;Asimina triloba;S. R. Hill;US;Illinois;39.961;-90.48
3059704811;Asimina triloba;NA;US;Ohio;39.9663;-84.285
2859421826;Asimina triloba;NA;US;Pennsylvania;39.969796;-79.462625
3331201690;Asimina triloba;NA;US;Pennsylvania;39.972595;-76.365266
3865372440;Asimina triloba;NA;US;Pennsylvania;39.978611;-75.284444
4081320249;Asimina triloba;NA;US;Illinois;39.995997;-88.648757
4533908438;Asimina triloba;NA;US;Illinois;39.998517;-88.651531
4533908402;Asimina triloba;NA;US;Illinois;39.998517;-88.651531
4081304453;Asimina triloba;NA;US;Illinois;40.003811;-87.573829
2859153844;Asimina triloba;L. Speedy 2005;US;Pennsylvania;40.010028;-80.059164
3865379542;Asimina triloba;NA;US;Pennsylvania;40.015823;-78.425537
2859125881;Asimina triloba;NA;US;Pennsylvania;40.015823;-78.425537
2859420828;Asimina triloba;NA;US;Pennsylvania;40.0178;-80.20724
3747798336;Asimina triloba;Steve Stephens;US;Nebraska;40.02119;-95.38676
3747787336;Asimina triloba;Paul Shildneck;US;Nebraska;40.021313;-95.360112
3747804333;Asimina triloba;Paul Shildneck;US;Nebraska;40.024202;-95.356469
3747796320;Asimina triloba;Steve Stephens;US;Nebraska;40.026603;-95.372948
2859397804;Asimina triloba;L. Speedy 2006;US;Pennsylvania;40.028889;-79.837778
4088569567;Asimina triloba;NA;US;Ohio;40.033611;-83.083056
3865375590;Asimina triloba;NA;US;Pennsylvania;40.043799;-75.020523
3865373544;Asimina triloba;NA;US;Pennsylvania;40.043799;-75.020523
3865104558;Asimina triloba;NA;US;Pennsylvania;40.045097;-76.563577
2859423847;Asimina triloba;NA;US;Pennsylvania;40.045097;-76.563577
3865110416;Asimina triloba;NA;US;Pennsylvania;40.0495;-75.041556
2562762042;Asimina triloba;Ralph E Brooks;US;Missouri;40.049553;-95.23448
3865380649;Asimina triloba;NA;US;Pennsylvania;40.05083;-76.534086
3865108617;Asimina triloba;NA;US;Pennsylvania;40.05083;-76.534086
3331184599;Asimina triloba;NA;US;Pennsylvania;40.052651;-76.523981
3865109604;Asimina triloba;NA;US;Pennsylvania;40.052852;-75.261339
3865108616;Asimina triloba;NA;US;Pennsylvania;40.052852;-75.261339
3865104557;Asimina triloba;NA;US;Pennsylvania;40.052852;-75.261339
3865371502;Asimina triloba;NA;US;Pennsylvania;40.059656;-75.274629
4064830485;Asimina triloba;NA;US;Pennsylvania;40.060111;-75.265459
2859153700;Asimina triloba;NA;US;West Virginia;40.063962;-80.720915
2859127867;Asimina triloba;NA;US;Pennsylvania;40.08498;-78.287144
2859388831;Asimina triloba;NA;US;Pennsylvania;40.103413;-79.165932
3865378667;Asimina triloba;NA;US;Pennsylvania;40.109138;-75.43594
3865374620;Asimina triloba;NA;US;Pennsylvania;40.109138;-75.43594
4067789593;Asimina triloba;NA;US;Pennsylvania;40.116667;-75.466667
2859431812;Asimina triloba;L. Speedy 2007;US;Pennsylvania;40.117849;-79.759523
3865101402;Asimina triloba;NA;US;Pennsylvania;40.121216;-76.687587
3331185885;Asimina triloba;NA;US;Pennsylvania;40.136673;-76.723596
1260971699;Asimina triloba;NA;US;Missouri;40.14416;-91.84611
2859429393;Asimina triloba;F.H. Utech 1993;US;Pennsylvania;40.158974;-79.258277
2859153336;Asimina triloba;NA;US;Pennsylvania;40.1625;-79.268056
2859138748;Asimina triloba;NA;US;Pennsylvania;40.1625;-79.268056
3865374568;Asimina triloba;NA;US;Pennsylvania;40.168584;-78.216965
3865108570;Asimina triloba;NA;US;Pennsylvania;40.178476;-75.731901
4064830171;Asimina triloba;NA;US;Pennsylvania;40.18148;-76.858028
2859136695;Asimina triloba;NA;US;Illinois;40.185061;-88.390807
2859153866;Asimina triloba;L. Speedy 2010;US;Pennsylvania;40.18643;-79.74989
3865107520;Asimina triloba;NA;US;Pennsylvania;40.196307;-76.559718
4081319799;Asimina triloba;NA;US;Illinois;40.20019;-89.85815
2859386832;Asimina triloba;NA;US;Pennsylvania;40.207669;-79.965072
4067789577;Asimina triloba;NA;US;Pennsylvania;40.209877;-76.048631
3865378620;Asimina triloba;NA;US;Pennsylvania;40.209877;-76.048631
2859431376;Asimina triloba;NA;US;Pennsylvania;40.2125;-79.736667
4064830157;Asimina triloba;NA;US;Pennsylvania;40.215256;-75.757398
2859151426;Asimina triloba;NA;US;Pennsylvania;40.21944;-79.71056
4064830158;Asimina triloba;NA;US;Pennsylvania;40.219712;-75.828269
2859127868;Asimina triloba;NA;US;Pennsylvania;40.228339;-78.050899
2859398826;Asimina triloba;L. Speedy 2010;US;Pennsylvania;40.22924;-79.76996
3865371454;Asimina triloba;NA;US;Pennsylvania;40.239799;-75.817188
2859137856;Asimina triloba;L. Speedy 2010;US;Pennsylvania;40.24311;-79.82736
2859479701;Asimina triloba;NA;US;Pennsylvania;40.246466;-76.949241
2859141875;Asimina triloba;NA;US;Pennsylvania;40.248102;-76.464438
3747807307;Asimina triloba;Ralph E Brooks;US;Nebraska;40.248388;-95.544473
415932946;Asimina triloba;NA;US;Pennsylvania;40.25027;-76.25
415951985;Asimina triloba;NA;US;New Jersey;40.26;-74.27388
3865105528;Asimina triloba;NA;US;Pennsylvania;40.267471;-75.593423
3865103474;Asimina triloba;NA;US;Pennsylvania;40.267471;-75.593423
3865376635;Asimina triloba;NA;US;Pennsylvania;40.276112;-75.60935
3865375589;Asimina triloba;NA;US;Pennsylvania;40.276204;-75.763248
2859386996;Asimina triloba;NA;US;Pennsylvania;40.282239;-77.274738
2859143864;Asimina triloba;NA;US;Pennsylvania;40.301572;-75.90618
2859124870;Asimina triloba;NA;US;Pennsylvania;40.301572;-75.90618
3865109557;Asimina triloba;NA;US;Pennsylvania;40.333708;-75.637408
3865104511;Asimina triloba;NA;US;Pennsylvania;40.333708;-75.637408
4067789587;Asimina triloba;NA;US;Pennsylvania;40.336753;-75.526108
3865106476;Asimina triloba;NA;US;Pennsylvania;40.336767;-75.469067
3865377546;Asimina triloba;NA;US;Pennsylvania;40.33829;-75.517229
4064830159;Asimina triloba;NA;US;Pennsylvania;40.33845;-75.508927
4064830479;Asimina triloba;NA;US;Pennsylvania;40.347331;-75.359222
1671752778;Asimina triloba;NA;US;Ohio;40.3483;-84.425
3413424738;Asimina triloba;unknown;US;Indiana;40.348888;-85.438756
4081285514;Asimina triloba;NA;US;Illinois;40.35233;-89.13183
2859128850;Asimina triloba;NA;US;Pennsylvania;40.354517;-78.534609
3865372444;Asimina triloba;NA;US;Pennsylvania;40.354624;-76.932807
4064830481;Asimina triloba;NA;US;Pennsylvania;40.355643;-76.958031
1990217754;Asimina triloba;NA;US;Ohio;40.363875;-81.791155
2859153861;Asimina triloba;L. Speedy 2009;US;Pennsylvania;40.36985;-79.244885
2859135781;Asimina triloba;M.L. Speedy 2008;US;Pennsylvania;40.374799;-79.099503
2859134878;Asimina triloba;L. Speedy 2010;US;Pennsylvania;40.37495;-79.24711
3865103431;Asimina triloba;NA;US;Pennsylvania;40.380178;-76.460239
2859128849;Asimina triloba;NA;US;Pennsylvania;40.39574;-76.70969
3865106429;Asimina triloba;NA;US;Pennsylvania;40.409539;-75.734914
3865378617;Asimina triloba;NA;US;Pennsylvania;40.422324;-75.647552
4064830477;Asimina triloba;NA;US;Pennsylvania;40.42815;-75.503994
2859423845;Asimina triloba;NA;US;Pennsylvania;40.43176;-79.87714
2859126867;Asimina triloba;NA;US;Pennsylvania;40.432013;-79.881439
2270228973;Asimina triloba;NA;US;Indiana;40.441728;-86.897891
2270226911;Asimina triloba;NA;US;Indiana;40.441728;-86.897891
2859139875;Asimina triloba;NA;US;Pennsylvania;40.454472;-79.928595
2859431720;Asimina triloba;M.L. Speedy 2008;US;Pennsylvania;40.455564;-79.45845
2859149752;Asimina triloba;M.L. Speedy 2008;US;Pennsylvania;40.455564;-79.45845
2859419842;Asimina triloba;NA;US;Pennsylvania;40.456813;-79.451313
2859142869;Asimina triloba;NA;US;Pennsylvania;40.466504;-79.367816
2859394736;Asimina triloba;M.L. Speedy 2008;US;Pennsylvania;40.484871;-79.441835
2859388254;Asimina triloba;NA;US;Pennsylvania;40.487387;-78.289696
2859125880;Asimina triloba;NA;US;Pennsylvania;40.500902;-80.067555
2859419840;Asimina triloba;NA;US;Pennsylvania;40.502052;-80.23931
3865376585;Asimina triloba;NA;US;Pennsylvania;40.503504;-76.384438
2859422820;Asimina triloba;NA;US;Pennsylvania;40.50886;-79.766714
2859388649;Asimina triloba;NA;US;Pennsylvania;40.51689;-80.112459
2859127866;Asimina triloba;NA;US;Pennsylvania;40.519031;-80.175133
4533909034;Asimina triloba;NA;US;Iowa;40.532264;-91.414876
2859141872;Asimina triloba;NA;US;Pennsylvania;40.533597;-79.812585
2859479983;Asimina triloba;J. Mason Heberling;US;Pennsylvania;40.533867;-79.79532
2859243540;Asimina triloba;J.M. Heberling;US;Pennsylvania;40.55772;-80.20126
2859423846;Asimina triloba;NA;US;Pennsylvania;40.560137;-80.480638
2859245626;Asimina triloba;B.L. Isaac 2017;US;Pennsylvania;40.56247;-79.5237
2859385833;Asimina triloba;NA;US;Pennsylvania;40.598815;-77.647616
2859125882;Asimina triloba;NA;US;Pennsylvania;40.600909;-77.433324
3865101400;Asimina triloba;NA;US;Pennsylvania;40.603607;-75.928455
3476612815;Asimina triloba;Bujakiewicz A.;US;NA;40.6099;-82.2657
415893939;Asimina triloba;NA;US;Pennsylvania;40.62527;-80.125
122905638;Asimina triloba;NA;US;Iowa;40.642;-91.4793
1990214566;Asimina triloba;NA;US;Iowa;40.647588;-91.477157
2859504856;Asimina triloba;NA;US;Pennsylvania;40.675304;-80.258174
2859422821;Asimina triloba;NA;US;Pennsylvania;40.689032;-80.301387
2859419841;Asimina triloba;NA;US;Pennsylvania;40.694295;-80.297364
2859141873;Asimina triloba;NA;US;Pennsylvania;40.694295;-80.297364
3411502306;Asimina triloba;NA;US;Pennsylvania;40.702601;-79.606085
2859124869;Asimina triloba;NA;US;Pennsylvania;40.702601;-79.606085
1990811122;Asimina triloba;NA;US;New Jersey;40.727305;-74.704094
3747804332;Asimina triloba;Virginius H Chase;US;Illinois;40.74722;-89.57389
4533908518;Asimina triloba;NA;US;Illinois;40.747259;-89.573984
4068975682;Asimina triloba;R. D. Bratz;US;Indiana;40.838056;-85.730278
3747791337;Asimina triloba;Virginius H Chase;US;Illinois;40.88623;-89.686663
1929553577;Asimina triloba;H. R. Loconte;US;New Jersey;40.92;-74.42
2859431739;Asimina triloba;B.L. Isaac 1998;US;Ohio;41.013889;-80.6175
2859124871;Asimina triloba;NA;US;Pennsylvania;41.082838;-80.297564
2859432639;Asimina triloba;NA;US;Ohio;41.103943;-82.611842
4081320240;Asimina triloba;NA;US;Illinois;41.117302;-87.526146
3865101403;Asimina triloba;NA;US;Pennsylvania;41.139391;-76.0875
415893937;Asimina triloba;NA;US;Pennsylvania;41.14805;-77.99972
415893935;Asimina triloba;NA;US;Pennsylvania;41.14805;-77.99972
2859433658;Asimina triloba;NA;US;Ohio;41.154498;-82.541006
2859386980;Asimina triloba;NA;US;Ohio;41.154498;-82.541006
2859136788;Asimina triloba;B.L. Isaac 1997;US;Pennsylvania;41.273462;-79.847011
415927473;Asimina triloba;NA;US;Connecticut;41.27777;-72.80027
1038980307;Asimina triloba;NA;US;Connecticut;41.2859;-72.7987
2859431651;Asimina triloba;NA;US;Ohio;41.315504;-82.367273
4533902978;Asimina triloba;NA;US;Illinois;41.346075;-88.374379
4105798029;Asimina triloba;Eric Ribbens;US;Illinois;41.43889;-88.38611
2242391467;Asimina triloba;NA;US;Illinois;41.486713;-89.075218
4507464564;Asimina triloba;NA;US;Iowa;41.52914;-90.57678
4510646348;Asimina triloba;NA;US;Iowa;41.543644;-90.574985
176885967;Asimina triloba;Suneeti Jog;US;Ohio;41.5446;-81.4729
176885933;Asimina triloba;Suneeti Jog;US;Ohio;41.5446;-81.4729
4533906449;Asimina triloba;NA;US;Illinois;41.62753;-88.522574
1671752786;Asimina triloba;S. R. Hill;US;Illinois;41.6851;-88.5133
2859143863;Asimina triloba;NA;US;Pennsylvania;41.711897;-80.082046
1988714255;Asimina triloba;NA;US;Michigan;41.716058;-84.699066
1989157397;Asimina triloba;NA;US;Michigan;41.731507;-84.240987
1989221963;Asimina triloba;NA;US;Michigan;41.760523;-84.242208
1988775423;Asimina triloba;Robert Kral;US;Michigan;41.79242;-86.74201
1989345980;Asimina triloba;NA;US;Michigan;41.821225;-84.531967
1989402748;Asimina triloba;NA;US;Michigan;41.836087;-86.626812
1988894720;Asimina triloba;Robert Kral;US;Michigan;41.836087;-86.626812
2859430649;Asimina triloba;NA;US;Ohio;41.839735;-80.726446
4533908469;Asimina triloba;NA;US;Illinois;41.849765;-89.33599
2242391018;Asimina triloba;NA;US;Illinois;41.854499;-87.797222
1988925441;Asimina triloba;Robert Kral;US;Michigan;41.89161;-84.78958
4510646350;Asimina triloba;NA;US;Iowa;41.900855;-90.178611
4533908989;Asimina triloba;J. Owen;US;Michigan;41.921069;-86.484889
1988936425;Asimina triloba;NA;US;Michigan;41.93582;-83.95165
1989305845;Asimina triloba;NA;US;Michigan;41.961849;-86.316785
2859398774;Asimina triloba;J.K. Bissell 1992;US;Pennsylvania;41.984451;-80.405557
2859384833;Asimina triloba;NA;US;Pennsylvania;41.98533;-80.236495
1899357965;Asimina triloba;Shields, J.K.;CA;Ontario;42.017142;-82.924263
1988602328;Asimina triloba;Robert Kral;US;Michigan;42.021983;-84.951957
1899277758;Asimina triloba;NA;CA;Ontario;42.022785;-82.923834
1988757351;Asimina triloba;NA;US;Michigan;42.0437;-83.641
1899357964;Asimina triloba;Shields, J.K.;CA;Ontario;42.050461;-82.694122
3413416787;Asimina triloba;unknown;US;Michigan;42.066389;-86.173056
1899277752;Asimina triloba;NA;CA;Ontario;42.067619;-82.693034
1989555503;Asimina triloba;Robert Kral;US;Michigan;42.071076;-86.15678
1989304203;Asimina triloba;NA;US;Michigan;42.0764;-83.677
4081293351;Asimina triloba;NA;US;Illinois;42.10007;-90.00902
2859144012;Asimina triloba;NA;US;Pennsylvania;42.120351;-80.079079
1988993591;Asimina triloba;NA;US;Michigan;42.123755;-85.84694
2859385832;Asimina triloba;NA;US;Pennsylvania;42.174621;-79.778885
1989409673;Asimina triloba;NA;US;Michigan;42.202614;-83.435563
1988963976;Asimina triloba;Robert Kral;US;Michigan;42.22173;-83.77906
1989422047;Asimina triloba;Robert Kral;US;Michigan;42.24699;-83.79191
1988897543;Asimina triloba;Robert Kral;US;Michigan;42.24699;-83.79191
1988878505;Asimina triloba;NA;US;Michigan;42.24699;-83.79191
2859386884;Asimina triloba;NA;US;Pennsylvania;42.251753;-79.810358
3351444501;Asimina triloba;Ragupathy Subramanyam;CA;NA;42.28;-82.71
1989537136;Asimina triloba;NA;US;Michigan;42.2966;-85.34688
1988673826;Asimina triloba;Anton A. Reznicek;US;Michigan;42.30531;-84.20758
1989299761;Asimina triloba;NA;US;Michigan;42.31126;-83.69689
1899370171;Asimina triloba;Garay, L.A.;CA;Ontario;42.339748;-81.95992
415930368;Asimina triloba;NA;US;New York;42.34027;-79.59583
1988858441;Asimina triloba;Robert Kral;US;Michigan;42.34586;-83.215453
4533908493;Asimina triloba;NA;US;Michigan;42.374289;-86.040561
1899329672;Asimina triloba;NA;CA;Ontario;42.379722;-82.016581
1989225480;Asimina triloba;Robert Kral;US;Michigan;42.386174;-83.009819
1989124179;Asimina triloba;Robert Kral;US;Michigan;42.3907;-82.9773
1988954239;Asimina triloba;Robert Kral;US;Michigan;42.39113;-82.97801
1899362278;Asimina triloba;NA;CA;Ontario;42.393056;-81.845556
1989267889;Asimina triloba;Robert Kral;US;Michigan;42.398801;-83.373309
176885945;Asimina triloba;Edward M Smith;US;Michigan;42.421;-85.927
1896049135;Asimina triloba;NO DISPONIBLE;US;New york;42.438333;-76.517222
2460526420;Asimina triloba;A. A. Reznicek;US;Michigan;42.49604;-85.81592
1899362277;Asimina triloba;Soper, J.H.;CA;Ontario;42.503297;-82.409659
1899361977;Asimina triloba;NA;CA;Ontario;42.503987;-82.396794
1989123861;Asimina triloba;NA;US;Michigan;42.60669;-85.51684
1899277441;Asimina triloba;NA;CA;Ontario;42.686424;-80.795105
1899362238;Asimina triloba;Soper, J.H.;CA;Ontario;42.686579;-80.794648
1899277356;Asimina triloba;NA;CA;Ontario;42.731536;-81.577744
1989264221;Asimina triloba;NA;US;Michigan;42.78253;-85.694471
3866809021;Asimina triloba;NA;US;Michigan;42.83165;-85.57755
4095629562;Asimina triloba;Julianne Fosgard;US;Michigan;42.93044;-86.094985
4095629125;Asimina triloba;Julianne Fosgard;US;Michigan;42.941442;-85.857992
4095629121;Asimina triloba;Julianne Fosgard;US;Michigan;42.941442;-85.857992
1899307473;Asimina triloba;NA;CA;Ontario;42.962002;-82.168121
1899307442;Asimina triloba;Soper, J.H.;CA;Ontario;42.962002;-82.168121
4095629559;Asimina triloba;B. Houdek;US;Michigan;42.978626;-85.832154
4095629557;Asimina triloba;Julianne Fosgard;US;Michigan;42.978626;-85.832154
4095629556;Asimina triloba;Julianne Fosgard;US;Michigan;42.978626;-85.832154
1989223538;Asimina triloba;Anton A. Reznicek;US;Michigan;42.980278;-85.836528
1899307950;Asimina triloba;Soper, J.H.;CA;Ontario;42.980996;-82.168487
1899307921;Asimina triloba;Soper, J.H.;CA;Ontario;42.980996;-82.168487
1257620420;Asimina triloba;NA;US;Michigan;42.987255;-85.071117
1899276188;Asimina triloba;NA;CA;Ontario;43.011221;-79.321412
1989350584;Asimina triloba;NA;US;Michigan;43.01249;-83.5884
1899277821;Asimina triloba;NA;CA;Ontario;43.022723;-82.116823
1989443839;Asimina triloba;NA;US;Michigan;43.02445;-85.005484
1989105479;Asimina triloba;NA;US;Michigan;43.02445;-85.005484
3348873526;Asimina triloba;Ragupathy Subramanyam;CA;NA;43.05;-82.04
1988732699;Asimina triloba;Anton A. Reznicek;US;Michigan;43.067666;-84.792666
1899355737;Asimina triloba;NA;CA;Ontario;43.093654;-79.066994
1899374026;Asimina triloba;Varga, S.;CA;Ontario;43.09681;-79.28613
1899362380;Asimina triloba;Soper, J.H.;CA;Ontario;43.111155;-79.281116
1899335118;Asimina triloba;Soper, J.H.;CA;Ontario;43.111531;-79.305577
1899307819;Asimina triloba;F.H.M.;CA;Ontario;43.130973;-81.747964
1899285070;Asimina triloba;NA;CA;Ontario;43.146801;-79.239739
1899362329;Asimina triloba;Soper, J.H.;CA;Ontario;43.15399;-79.128459
1899362296;Asimina triloba;Soper, J.H.;CA;Ontario;43.157841;-79.128115
1899358547;Asimina triloba;Luck-Allen, E.R.;CA;Ontario;43.158436;-79.104469
1989552874;Asimina triloba;NA;US;Michigan;43.158703;-85.979087
1899383304;Asimina triloba;NA;CA;Ontario;43.15932;-79.054344
2562774085;Asimina triloba;W J Cody;CA;Ontario;43.159531;-79.332327
1899360805;Asimina triloba;Soper, J.H.;CA;Ontario;43.165417;-79.12185
1899355697;Asimina triloba;NA;CA;Ontario;43.165681;-79.055289
1899341661;Asimina triloba;NA;CA;Ontario;43.165681;-79.055289
1899332473;Asimina triloba;NA;CA;Ontario;43.173328;-79.231842
1899363015;Asimina triloba;Soper, J.H.;CA;Ontario;43.181267;-79.079407
1899283120;Asimina triloba;NA;CA;Ontario;43.197122;-79.555836
1899297523;Asimina triloba;Catling, P.M.;CA;Ontario;43.216667;-79.116667
1899296902;Asimina triloba;Catling, P.M.;CA;Ontario;43.216667;-79.116667
1989304862;Asimina triloba;Anton A. Reznicek;US;Michigan;43.332219;-86.030986
1899341626;Asimina triloba;NA;CA;Ontario;43.652488;-79.542582
1929664912;Deeringothamnus pulchellus;D. M. Johnson;US;Florida;26.559243;-82.099815
1258118448;Deeringothamnus pulchellus;NA;US;Florida;26.6;-82.11
4153108709;Deeringothamnus pulchellus;NA;US;Florida;26.897272;-81.804835
122937244;Deeringothamnus pulchellus;NA;US;Florida;26.8998;-81.9503
1930382365;Deeringothamnus pulchellus;R. Kral;US;Florida;26.92941;-81.719549
1930278774;Deeringothamnus pulchellus;D. M. Johnson;US;Florida;26.92941;-81.719549
1930623624;Deeringothamnus pulchellus;R. Kral;US;Florida;26.929649;-81.849876
1930074985;Deeringothamnus pulchellus;R. Kral;US;Florida;26.929649;-81.849876
1929648178;Deeringothamnus pulchellus;R. Kral;US;Florida;26.929649;-81.849876
1258118425;Deeringothamnus rugelii;NA;US;Florida;28.5;-81.27
1135440439;Deeringothamnus rugelii;R. Abbott;US;NA;28.5;-81.26667
4153034133;Deeringothamnus rugelii;NA;US;Florida;28.514325;-81.323636
1135440437;Deeringothamnus rugelii;R. Abbott;US;NA;29;-81.08333
1258118438;Deeringothamnus rugelii;NA;US;Florida;29.01;-81
4153128952;Deeringothamnus rugelii;NA;US;Florida;29.046034;-81.161794
4153118990;Deeringothamnus rugelii;NA;US;Florida;29.046034;-81.161794
4153070754;Deeringothamnus rugelii;NA;US;Florida;29.046034;-81.161794
4153035141;Deeringothamnus rugelii;NA;US;Florida;29.046034;-81.161794
4153032447;Deeringothamnus rugelii;NA;US;Florida;29.046034;-81.161794
122937243;Deeringothamnus rugelii;NA;US;Florida;29.0635;-81.1486
122936809;Deeringothamnus rugelii;NA;US;Florida;29.0635;-81.1486
122936808;Deeringothamnus rugelii;NA;US;Florida;29.0635;-81.1486
122935868;Deeringothamnus rugelii;NA;US;Florida;29.0635;-81.1486
